Source,Target,Weight
203666,28643625,14.5
25126616,16241224,1.5
15171934,3623050,0.5
24560307,5932749,10.5
2935735,4591033,5.5
9461481,28366058,11.5
25537901,25538333,0.5
4025121,16851127,2.0
10969551,8711353,17.5
24560307,13346571,5.5
1857825,2410676,1.0
11421378,167174,1.5
11421378,3955647,1.0
8843683,1787757,0.5
671825,729744,8.0
17784299,21548299,0.5
206084,26992831,0.5
9530789,9325315,0.5
9325315,9530789,1.5
1801829,2649031,2.0
11808187,5187096,0.5
588600,71019,1.0
9461481,7691631,2.0
11589713,9461481,2.0
11778024,16819795,1.0
714074,14663768,1.0
14159669,3623050,5.0
19294390,9029977,0.5
21357099,321278,0.5
2081289,14448779,10.0
10707658,16297763,6.0
27022174,2476855,1.0
8569918,9615328,1.0
606956,128476,2.5
28366058,7691631,10.5
7786818,3038446,1.0
17752746,3016562,1.0
22521888,10616272,1.0
238972,13347640,4.0
13512328,11225014,1.0
104937,27,0.5
15601851,23899906,2.0
2351391,2351384,0.5
108278,15090814,1.0
14981376,1181927,11.0
2014929,1385122,0.5
9403933,23198783,0.5
8962829,14169882,16.5
24835467,22187098,0.5
5710178,5710341,1.0
843222,654608,3.5
27193779,3342055,7.5
9265294,206084,0.5
1446467,2410676,2.0
10969551,12296490,2.0
8271291,14204295,2.0
27494663,206084,1.0
321278,4580780,2.0
658518,1254497,1.0
26399616,26119962,0.5
7691631,23096959,5.0
23096959,7691631,0.5
7691631,20580498,1.0
2893713,108278,1.0
26992831,206084,0.5
13739356,10037542,4.0
28155823,18023059,3.0
24336212,25104780,0.5
1090311,24894912,1.5
729744,671825,19.5
27494663,7691631,3.0
11167738,28062827,3.5
11617504,11924873,1.5
238972,363387,2.5
5721837,1419138,0.5
28669836,17301522,1.5
238972,1252,0.5
7099729,2163263,1.5
5373551,7480345,0.5
168370,722201,1.0
589584,616448,0.5
12244838,4331833,0.5
3447593,22942790,0.5
1402936,4090287,0.5
7691631,15693680,9.5
21779020,3678731,1.0
3557653,2968000,2.0
20580498,7691631,14.5
11412473,14238949,0.5
2751199,2752522,1.0
1090311,168370,3.5
20929025,321278,0.5
5048251,641512,0.5
14204295,12584841,0.5
28758778,1362490,0.5
14225208,21449162,4.0
23810532,9325315,0.5
3198415,2228226,1.0
6862780,143580,3.5
20580498,15693680,0.5
9534760,3214406,1.0
26494782,17815037,0.5
22873447,21129265,0.5
1632976,658518,0.5
24474126,3638964,11.5
7691631,9461481,3.0
488514,614070,1.0
11452644,9996255,0.5
19354917,3620194,0.5
7961991,7968417,0.5
24400684,25841126,0.5
26715792,1725199,0.5
28671602,734934,0.5
17620347,14225208,1.5
2055965,19390712,1.5
2055965,20905275,0.5
23407526,3214406,0.5
17049596,1093228,0.5
1332134,1157388,0.5
16665655,929845,0.5
16665655,3319769,1.0
24664810,3214406,0.5
25252102,15901046,1.0
12048721,7760890,0.5
15901046,25252102,1.5
8710734,507775,1.5
28834044,417389,0.5
11167738,931039,0.5
17950592,17930752,1.0
8962829,3620194,0.5
17089728,14712850,2.0
9528819,1380117,0.5
22187098,7764559,0.5
1254497,2935735,1.5
695611,12710059,0.5
24669372,2932773,2.0
1217614,3988342,1.5
4007018,258750,1.0
20004472,11921752,0.5
658518,1385122,1.5
5282596,5312648,1.0
21388550,20897575,0.5
21388550,20882845,0.5
5216282,890377,1.5
10270250,11667865,0.5
5532320,7804910,22.0
2935735,12127251,1.0
15045751,7691631,7.0
23487443,203666,0.5
27193779,27196756,3.0
1283503,19294390,0.5
46939,167174,0.5
585285,8792127,1.0
16688238,21386310,2.0
18219900,2293158,2.5
2293158,13744591,1.5
24560307,10270250,1.0
4262493,2011783,4.5
52287,13080550,1.0
18453077,4039952,0.5
128476,606956,1.0
20260834,20260602,0.5
20260602,20260834,0.5
16630147,12310030,0.5
26509369,29600667,5.0
380961,1211978,1.5
9615328,8569918,0.5
12892263,13345709,1.0
10642675,10350614,0.5
1284185,7394347,1.0
11667865,10270250,1.5
19614228,11167738,0.5
18065797,5710341,0.5
14562056,13220460,0.5
8514,28748876,0.5
24894912,1090311,0.5
7477865,5151909,2.0
7691631,16607898,1.5
11116372,597879,0.5
10822741,3594497,0.5
14474326,65252,0.5
2055965,167174,1.0
22700458,14712850,2.0
2165383,2081289,1.5
7673810,6907993,0.5
447184,238972,5.5
24835467,931039,1.5
203666,16219318,3.0
24835467,24560307,2.0
890377,81384,2.0
206084,11180687,0.5
16219318,203666,0.5
80571,8514,1.0
13575283,455600,0.5
1312351,14299077,0.5
11396385,25652980,2.5
714074,7467217,0.5
10399273,4723248,1.5
11581452,258750,0.5
20558462,19745004,3.5
14089735,27866077,0.5
24560307,22187098,0.5
3781859,943149,1.0
5017825,478996,1.0
13653550,4007018,0.5
25136308,1200050,0.5
7691631,28366058,14.5
19360616,9787757,0.5
843222,890377,0.5
12225546,8665467,0.5
14238949,9831101,0.5
9831101,14238949,0.5
5710848,21338881,0.5
2300694,507,0.5
13753636,6296790,1.0
560495,27620277,0.5
23403252,65252,0.5
28257573,12446895,0.5
12136863,11931032,2.0
1385122,890377,0.5
14089735,2476855,0.5
22321368,1857825,1.0
9325315,10045175,1.5
28061676,11061773,4.0
8629417,9403933,0.5
4255988,3631697,1.0
1252,614070,0.5
28062827,11167738,2.5
27193779,321278,5.0
1372780,1020639,0.5
2948949,3983388,1.0
8665467,12225546,0.5
16174770,17592572,1.0
4110016,25274085,1.0
25837286,3301400,0.5
4164482,1431547,0.5
18825519,3214406,2.5
22527813,16152925,0.5
611921,8514,2.0
25661063,14089735,0.5
3623050,14159669,4.0
25274085,4110016,0.5
3342055,11545928,0.5
21129265,22873447,2.5
27903690,23096959,0.5
16665655,4128353,3.5
24560307,9060347,1.5
6115789,5312648,0.5
79352,1009207,0.5
10995659,481872,0.5
481872,7691631,0.5
1460385,1446467,0.5
10154685,5400018,0.5
7691631,11589713,0.5
12164369,5811958,0.5
11545371,7212432,0.5
22442668,20580498,37.0
6182775,596892,0.5
24500594,4648505,1.0
17327535,65252,1.0
9996255,7586424,4.0
21679569,23876490,1.0
212862,8514,0.5
27382506,23096959,0.5
17301522,28669836,0.5
17780645,2508083,0.5
2055965,3455070,2.5
16366081,9252533,4.0
8514,1145832,1.0
5694513,14812631,1.0
20882845,19745004,2.0
2649031,26096505,0.5
22965155,1380117,0.5
10707658,26553597,0.5
6660536,13934856,8.0
1599151,2331534,1.0
2011783,4262493,3.0
10064545,3678731,0.5
4128353,3319769,4.5
8884539,5731348,1.0
4106792,206084,6.0
9992330,12310030,2.0
7764559,10697582,0.5
13815417,23096959,0.5
23198783,9403933,0.5
5741125,14712850,0.5
4435792,3149845,0.5
27193779,5187096,0.5
26119962,26399616,1.0
958314,7691631,0.5
21413198,15062869,0.5
8514,392785,0.5
19939216,6543378,5.0
22369178,13078968,0.5
17303641,7887296,0.5
13347640,238983,2.5
16563587,11225014,3.0
2935735,3100121,0.5
2935735,9384267,0.5
14299077,1312351,0.5
19606628,20929025,3.5
2370458,4423776,1.0
104937,8514,0.5
5830987,24560307,0.5
21386310,16688238,1.5
22584039,2055965,1.0
3171862,2006302,0.5
5710848,19006435,0.5
24198103,14430294,1.5
25042195,6093316,0.5
1090311,26094060,1.0
14448779,2081289,5.0
19692503,9325315,2.0
19692503,9530789,1.5
15188780,27764892,0.5
24898177,14125254,1.5
15145867,6404963,0.5
714074,12225546,1.5
22652644,28199205,1.0
3166814,910744,0.5
29249482,847885,1.0
22660201,22993377,0.5
24951510,20460946,2.0
3988342,1217614,0.5
30183842,2067253,1.5
18533350,16152925,1.0
21831425,9992330,0.5
27562508,25592861,0.5
22507007,2536587,1.0
238983,13347640,4.5
3955647,349241,1.0
20929025,6093316,1.5
30093172,25567730,0.5
5497,1784628,0.5
25959820,13392416,0.5
29421384,3678731,0.5
4291387,6766558,0.5
3215654,2293158,0.5
7653178,3867127,0.5
658518,6235174,0.5
26655380,24560307,0.5
6267158,5710341,0.5
11396385,25592861,1.0
9908723,5888353,0.5
15221515,2665618,0.5
11545371,4039952,0.5
12445598,7876204,0.5
2228226,2510503,0.5
24946152,6884828,0.5
4330620,2931111,1.0
6660536,24865368,3.5
6660536,5346495,1.0
14757903,9979119,3.0
20580498,12574344,3.0
203666,23487443,0.5
6093316,20929025,7.0
31090585,27196756,1.0
19692503,5151909,0.5
206084,1446467,1.5
18194030,20100867,1.0
12646044,4297273,2.0
19257170,9530789,1.0
19257170,19692503,0.5
5811958,12164369,0.5
20882412,21388550,0.5
16652218,16764080,0.5
10270250,24560307,1.0
1090311,25312483,1.0
9214768,206084,5.0
17931173,17815037,0.5
28366058,20666775,0.5
5832751,2835111,1.0
2508083,15974409,0.5
15974409,2508083,2.0
9524363,11939484,1.0
9524363,1460385,0.5
20460946,24951510,2.0
28107304,8962829,1.0
5532320,25003905,3.0
535266,417389,0.5
22577138,671825,0.5
15712730,28671602,0.5
17224370,14724975,0.5
11167738,15355019,0.5
6054707,3623050,0.5
29891188,11061773,5.5
2649031,14089735,0.5
16106422,2665618,0.5
23115931,19272315,0.5
28671602,26820697,0.5
1857825,22321368,0.5
907410,478996,0.5
11061773,31404632,3.5
3910945,1219074,0.5
17152449,14089735,0.5
11682335,486550,1.0
30468314,27196756,1.0
692528,854078,0.5
19872456,10270250,3.0
24774658,6670942,2.5
12574344,20580498,0.5
527644,11264371,0.5
15090814,108278,3.0
30027163,5710341,0.5
952189,349241,2.0
27148891,30430269,1.0
13941428,3427405,0.5
8393,8514,0.5
8135462,2665618,1.5
24560307,11888510,0.5
447184,363387,1.5
9325315,10126908,4.5
18533350,18026324,0.5
4066227,931135,0.5
2222347,611921,1.0
27433386,25538333,0.5
28627094,20580498,1.5
15508537,17084864,0.5
24718080,20021829,2.5
5346495,24865368,0.5
5346495,6660536,1.0
238972,238986,5.0
11888510,10270250,1.5
10126908,9325315,7.0
910744,910757,1.0
1446467,1362490,0.5
24865368,6660536,5.0
25003905,5532320,2.0
20897575,20882845,2.0
1064563,11851236,0.5
5474834,5806776,0.5
9060347,24560307,0.5
4010478,3678731,0.5
21950910,6506651,0.5
24560307,599695,0.5
4128353,11545928,1.0
3638964,24474138,1.0
12256376,14562056,37.0
18533350,16999953,1.0
734934,26820697,0.5
238986,238972,2.5
16384837,6543378,1.5
31404632,11061773,5.0
25882864,658518,0.5
26885919,26650305,3.0
4821436,2935735,1.0
23403252,27776551,2.5
17324120,27776551,1.5
21397581,10270250,0.5
321278,3342055,2.0
238972,910744,0.5
363387,238972,1.5
13726895,3319769,0.5
7083242,23096959,2.0
1606654,3786218,0.5
12765913,1200050,0.5
5254650,1090311,1.5
4912314,3638964,0.5
24850617,943149,0.5
22641745,15480067,3.0
10697582,321278,0.5
22387458,2055965,1.0
27494663,10826219,1.0
10435644,10707658,0.5
4973784,3308958,13.0
2932773,1020639,1.5
24774804,931135,0.5
12468921,8276387,0.5
1965901,3342055,0.5
8201256,206084,1.0
11369603,17912002,0.5
28726977,481872,0.5
28305425,28394156,0.5
21243212,11061773,0.5
8100172,6578551,2.0
27620277,2833537,1.5
2833537,5932749,0.5
19097645,17374628,1.0
108278,4210958,0.5
26702968,1784628,0.5
20962139,15355019,0.5
2293158,18219900,0.5
43371,27,0.5
20666775,28366058,0.5
4222911,20580498,1.0
238983,238986,1.0
6766558,7508411,0.5
71019,588600,0.5
19745004,20558462,1.0
27561243,30430269,1.5
14812631,3342055,1.0
2023124,3238243,0.5
3238243,2023124,0.5
238972,27,0.5
1739767,206084,0.5
1424470,4268140,1.5
17821820,1200050,0.5
758079,9403933,0.5
901277,4106792,0.5
18849374,14089735,0.5
4637221,19548750,1.5
1801829,3016562,1.0
9954101,14982460,0.5
7411076,1272666,0.5
4348524,167174,0.5
16354995,308770,0.5
25324340,2996011,0.5
19868180,18818187,1.0
24669372,4723248,1.5
6255503,931135,0.5
20962139,24560307,0.5
22252531,4555644,0.5
8780590,22361331,0.5
15670215,143580,0.5
23627382,22148545,1.0
3288595,3308958,3.0
10270250,11888510,0.5
1380117,27652771,2.0
2752522,2751199,0.5
29600667,26509369,4.0
17558946,321278,1.0
26077653,10270250,0.5
24669372,1020639,2.5
22002175,9787757,0.5
29939198,27776551,1.0
27105154,24560307,0.5
27105154,4128353,1.0
4137249,9090937,1.0
4090287,3678731,0.5
2916197,507775,1.0
904810,8514,0.5
9530789,19257170,0.5
15191676,7083242,0.5
6543378,19939216,2.0
15168264,1460385,1.0
4128353,321278,1.5
13131245,6209952,1.0
3631697,7691631,0.5
11589713,23096959,1.0
22993377,22660201,5.5
3193719,4164482,0.5
30433396,21399598,0.5
11002815,858127,1.5
26661814,1090311,1.0
12983151,507775,0.5
2297550,4079740,1.0
24917465,8569918,0.5
11061773,15426083,0.5
2935735,1254497,4.5
11667865,7362671,0.5
25476601,1090311,1.0
19360616,7691631,10.0
1093228,17049596,0.5
5474834,2729788,1.0
10435644,16297763,0.5
11796974,478996,1.0
23519392,206084,0.5
1914329,23096959,0.5
27562508,25652980,0.5
16180517,5952670,2.5
23291630,14087781,0.5
14087781,23291630,0.5
1446467,993110,0.5
17197934,2945088,0.5
1801329,238972,0.5
1032,15045751,0.5
238972,238983,2.5
17930752,17950592,0.5
14663768,714074,0.5
3351871,206084,0.5
13695735,10126908,0.5
11419775,11949423,0.5
26553597,10707658,0.5
6052682,206084,0.5
5433677,3319769,0.5
2410676,5801666,0.5
1195004,7639232,0.5
10126908,10975056,0.5
2410676,1446467,0.5
2410676,1362490,6.0
7480345,23148176,0.5
4090287,16029103,0.5
9998516,20580498,0.5
26077653,15062869,0.5
27652771,1380117,1.0
1599397,2338279,0.5
4025121,13049233,0.5
238972,447184,2.0
8966356,17728164,0.5
1632980,1301745,0.5
14003349,1200050,0.5
9511641,2067253,0.5
17671906,17912002,0.5
17671906,16184890,0.5
16184890,17912002,0.5
11931032,12136863,1.0
20110347,16843183,0.5
2476855,14089735,0.5
20725617,18342541,0.5
238983,238972,6.5
13667312,12912885,0.5
206084,8201256,0.5
27196756,31090585,0.5
3579088,596892,0.5
19257170,29491240,0.5
27196756,30486405,0.5
9996255,10067157,16.5
308770,8514,1.0
1402936,3342055,0.5
4331833,12244838,1.0
24117219,1385122,0.5
24117219,658518,0.5
16262387,14982460,0.5
27227932,23627382,0.5
4056288,17303641,0.5
23797315,3319769,0.5
20921872,19745004,0.5
13384052,4648505,2.0
28096281,13346571,1.0
20653934,7691631,1.5
20728874,25592861,0.5
29105003,27776551,0.5
979480,2114213,0.5
22876353,15045751,0.5
7741856,9393759,1.0
3149845,4435792,3.0
22442668,29500061,1.5
10932604,168370,1.0
16860049,7177096,0.5
238986,238983,4.0
28199205,22652644,0.5
3449635,3449583,1.0
6578551,8100172,2.0
12414082,14105478,1.5
27196756,30468314,0.5
20789757,8514,1.0
21950873,21950910,0.5
11061773,2833537,1.0
11061773,27620277,1.5
28769620,13512328,0.5
1090311,5254650,1.0
21413198,24560307,0.5
16297763,10707658,1.5
893522,11545928,0.5
12446895,3016562,0.5
167174,45547,1.5
3214406,23021810,0.5
27427758,27427417,1.0
26825462,28305425,0.5
25606869,4723248,0.5
26077653,26800584,1.0
321278,19872239,2.0
2081290,2081289,1.0
8927771,9060347,0.5
1362490,15515181,0.5
10391073,26437605,0.5
22119747,7691631,0.5
24560307,24835467,0.5
28710753,1385122,0.5
2136524,658518,0.5
8962829,757363,3.0
11796974,757363,4.5
45547,167174,3.5
206084,4106792,10.5
19994257,20666775,0.5
3876119,2634628,1.0
1204412,7056202,0.5
16745868,20260602,0.5
2338279,1599397,1.0
27719177,21399598,1.0
10780607,32848140,1.0
23059575,7691631,3.5
14798348,24946152,0.5
30859333,28924109,3.5
2081289,28710753,0.5
14448779,28710753,1.5
3427405,168370,1.5
29217912,17620347,0.5
19036577,3195124,0.5
4137249,481872,0.5
7394347,321278,0.5
30056447,931135,0.5
16520788,11116372,0.5
30779589,14089735,0.5
23984796,658518,3.5
12706290,5612317,1.5
27727916,3319769,1.0
14536054,355634,1.0
2331534,1599151,0.5
8262427,481872,0.5
11589713,7691631,6.5
18023059,28155823,1.0
32340557,23096959,1.5
2163263,5830987,0.5
19927831,20264700,1.0
1362490,2410676,13.5
22737337,22737329,1.5
32104924,1784628,0.5
15907354,9257808,1.5
4648505,24500594,1.0
23404839,27494663,1.5
28677940,10344201,1.0
7748227,447036,1.5
2183193,23924195,0.5
1725199,355893,0.5
7411076,22155032,0.5
1287859,2156455,1.5
22982974,7639232,1.0
19614228,321278,0.5
4648505,13384052,1.5
4106792,9214768,1.0
26927081,26650305,1.5
26885032,26650305,1.0
12380069,7873535,1.0
11896413,17372733,0.5
20905275,17372733,0.5
11324222,321278,0.5
27776551,7209439,2.5
20929025,21060126,0.5
20929025,19606628,0.5
4555644,24777832,0.5
24560307,28096281,1.5
8486799,9996255,0.5
10846437,20100867,0.5
4580780,321278,1.0
357681,14089735,1.0
1036336,19099484,0.5
32403967,12791642,6.0
8270619,4197769,0.5
20580498,23096959,2.5
21233191,27729907,0.5
26050796,9996255,4.0
11589713,13234395,2.0
854078,692528,0.5
32270084,24910542,0.5
25331009,308770,1.0
4704710,1385122,2.0
21796735,5151909,0.5
213469,867564,0.5
15045751,11589713,0.5
23774298,23770421,2.0
32848140,10780607,1.0
1232968,596892,0.5
12820537,261943,0.5
611921,447184,0.5
6966619,777444,0.5
10975056,10126908,0.5
14712850,22700458,1.0
481872,321278,0.5
19896256,321278,0.5
6780534,1466080,0.5
12498335,9996255,5.0
1516094,4738266,1.0
26873147,27790789,1.0
98540,79712,1.0
2081289,1385122,1.0
11061773,28061676,0.5
730070,4434126,0.5
658518,788264,0.5
355634,3867127,0.5
28394156,28305425,0.5
7344953,37690,1.0
31404632,29891188,0.5
14089735,357681,0.5
24254047,14089735,0.5
10067157,9996255,6.5
7529257,2594187,2.0
25627422,15800559,0.5
12511640,17558946,0.5
32452938,3468294,0.5
3794049,1549395,2.5
2916712,507775,5.5
27563721,30921526,1.0
14000045,3195124,0.5
16185172,14225208,2.0
10851820,13815852,0.5
238986,13347640,3.5
13347640,238986,2.5
8962829,167174,1.0
18107697,16349163,0.5
11061773,5932749,0.5
218157,13807606,0.5
10270250,321278,0.5
28283593,26516210,3.5
11589713,11225014,1.5
24395109,13631558,0.5
13631558,24395109,0.5
24474126,24474138,2.0
11164718,9521528,0.5
2649214,5830987,0.5
5312648,5282596,1.0
10344201,6607925,0.5
6607925,10344201,0.5
29985850,13305534,1.0
22148545,23627382,2.0
28223616,10270250,0.5
13258039,355893,0.5
15350898,11753734,0.5
30701212,19745004,1.0
13810259,15337722,1.5
10041891,11778024,0.5
25077882,24560307,0.5
24910542,32270084,0.5
21116798,9996255,0.5
25838895,1451352,0.5
29688210,14105478,0.5
24560307,20929025,0.5
20307596,13230665,1.0
16180304,5952670,0.5
484788,919161,0.5
8251925,5400018,0.5
8044474,481872,0.5
18689903,3149845,1.0
15042339,321278,0.5
10851820,29455960,4.5
1385122,28710753,1.5
25003905,7804910,0.5
23876490,21679569,2.0
11843609,23096959,0.5
11851236,1064563,0.5
16152925,18533350,1.0
3757512,9996255,1.5
22737333,21909749,0.5
16185172,21449162,3.0
20638880,25003905,0.5
22480578,5775917,0.5
13633443,20304586,0.5
4011054,5694513,0.5
13124802,14151539,0.5
11446601,1105519,0.5
6884828,3329386,0.5
810796,8514,0.5
6645850,6486826,0.5
13672849,32170696,2.5
26195776,15480067,0.5
16184890,17671906,0.5
4989235,641512,0.5
9787757,1725199,0.5
32170696,13672849,0.5
37690,7344953,0.5
23335023,321278,0.5
9244177,3342055,0.5
28402826,167174,1.0
5932749,931039,1.0
5483330,1039520,0.5
18409797,14430294,1.0
16286131,20897561,2.0
15666354,1284185,0.5
2305374,84822,0.5
25331009,481872,0.5
714074,3678731,1.0
9703957,9478219,0.5
2634628,1142976,1.0
28710753,7056202,0.5
7056202,28710753,0.5
15846674,11061773,2.5
25738703,19008038,1.0
1844251,3796237,0.5
17923502,6506651,0.5
21338881,3214406,1.0
3885202,3911317,0.5
3911317,3885202,0.5
20789757,28627094,0.5
20100867,9325315,1.0
23096959,32340557,0.5
2228226,3198415,0.5
26229585,15309233,3.5
13815852,17286587,0.5
1084114,2556327,1.5
4434126,730070,2.5
8711353,16831466,4.0
31614586,10312708,0.5
22252531,7691631,0.5
26077653,19872456,0.5
10066825,931135,0.5
557980,10932532,0.5
22321368,10040960,2.0
20785986,658518,1.0
14562056,12256376,0.5
8715146,20460946,1.0
5801666,2410676,0.5
5303123,658518,1.0
6209952,19848353,0.5
31492490,29103567,2.5
27620277,11061773,0.5
14812631,9384267,0.5
3016562,14089735,1.0
1801829,24560307,0.5
10616272,771016,0.5
893522,321278,0.5
9996255,22395078,3.0
15309233,26229585,1.5
17912002,11369603,0.5
3745077,206084,1.5
16962074,12892263,1.0
907410,167174,0.5
15971562,15168264,1.5
9996255,8486799,4.5
24195339,32405591,1.5
25538333,25537901,1.0
911765,25252102,1.5
32181539,1446467,0.5
28882767,447036,2.0
14151539,13124802,1.0
3468294,32452938,0.5
27729907,27051771,0.5
20819799,1090311,1.5
9996255,3757512,1.0
7764559,10270250,0.5
20580498,19206385,0.5
1844194,858127,1.0
11180687,4222911,0.5
2573058,929845,0.5
18818187,25617835,1.0
2156455,1287859,5.0
2310495,2381732,2.0
8962829,18566373,3.5
1984460,1920851,0.5
11949423,10932604,0.5
17152449,19406251,0.5
6506651,17923502,0.5
1329931,10270250,1.0
481872,10995659,0.5
9998516,7691631,1.0
20962139,321278,0.5
1272666,1451352,0.5
21394954,764708,0.5
9257808,15907354,0.5
31858042,24474126,0.5
4077502,108278,1.0
15778981,12983151,0.5
25312459,1090311,0.5
30649544,22002058,0.5
2203645,6612466,2.5
18529961,18421590,2.5
18225913,19272315,1.5
4090287,1276752,0.5
2410676,16165969,0.5
11180687,206084,0.5
2510503,2228226,1.0
28054492,455600,0.5
22271793,3813151,0.5
20297645,9004241,0.5
7136348,206084,0.5
19529740,8266573,1.5
30921526,27563721,0.5
19154916,27776551,0.5
9325315,19692503,0.5
26800584,26077653,0.5
17196388,2945088,0.5
4738266,1516094,1.0
110411,104937,0.5
30474622,104937,0.5
14406721,6660536,0.5
16029103,4090287,0.5
16104394,4878628,0.5
9879953,10183514,1.0
10183514,9879953,0.5
19406251,14089735,0.5
2917192,17671906,0.5
4128353,1283503,1.5
20894140,19745004,1.0
28643625,203666,1.5
3080613,5282596,1.0
11290232,488514,0.5
11225014,23096959,0.5
17912002,16184890,0.5
22737333,22737329,1.0
20653934,20580498,2.5
11221453,488514,0.5
1383170,14812631,0.5
11796974,4380969,0.5
3195124,137805,0.5
26837192,321278,0.5
15045751,27494663,2.0
11290232,27903690,0.5
1257514,2608337,0.5
14089735,21546187,0.5
5860977,3149845,0.5
3638964,24474126,5.0
1466922,3867127,0.5
26650305,26885032,1.5
17884222,5932749,1.0
515585,10664,0.5
19928304,19927831,1.0
3757512,8486799,0.5
478996,946945,0.5
203076,7613257,0.5
3857240,3301400,0.5
10664,10453695,2.0
19360616,14125254,1.5
9461481,390510,0.5
4000279,27888295,20.0
22663585,17075030,0.5
20580498,9787757,0.5
20882845,20897575,0.5
33588118,17163720,0.5
28796010,7691631,0.5
18409797,7253769,0.5
32545743,30198400,1.0
25691817,5710341,0.5
1148352,596892,0.5
9671862,2293158,0.5
18421590,18529961,1.0
3319769,4128353,0.5
7804910,5532320,1.0
722201,168370,0.5
5474834,7789923,1.0
30892477,788264,0.5
13049233,4025121,1.0
16053994,5262776,0.5
72690,27609645,0.5
24474138,24474126,10.5
33264452,10391073,0.5
30805535,30872453,0.5
23540628,29688210,0.5
23540628,22137709,2.0
15947557,24993103,3.0
23540628,15510233,3.0
7247341,19614228,0.5
10975056,9325315,1.0
5481861,3638964,0.5
1549395,34431301,0.5
1272666,10697582,0.5
14562056,5710341,0.5
10067157,9139165,0.5
8486799,10067157,2.0
8486799,9139165,0.5
13220460,12256376,0.5
203666,29195078,4.0
4597815,2788503,0.5
31710936,3678731,0.5
21170375,7833168,0.5
7691631,15045751,1.5
29628695,26964106,0.5
29882024,7910045,0.5
7705565,1549395,0.5
34431301,488514,1.0
2661753,1036336,0.5
25042195,321278,0.5
25789674,7691631,0.5
24382273,25940652,0.5
32883613,24382273,0.5
206084,9214768,7.5
19981805,9004241,0.5
20304586,13633443,0.5
19939216,16384837,3.0
6543378,16384837,0.5
6898391,19524397,0.5
17482306,13392416,1.0
24741384,321278,0.5
20897561,16286131,1.5
28238422,4164482,0.5
13729434,2935735,1.5
33410771,488514,1.0
24325875,16746795,1.0
16746795,24325875,1.5
12310030,9992330,0.5
26094060,1090311,1.5
238983,168370,0.5
507775,7833168,0.5
22442668,7691631,2.0
17293189,3149845,0.5
9603889,3342055,0.5
19289265,22844223,1.0
16286131,8629417,3.5
1362490,11939484,0.5
5617672,26648250,0.5
4331836,4331833,0.5
33653601,33653617,2.5
10312708,11589713,0.5
11589713,10312708,1.5
16584540,30210846,0.5
33410771,1549395,1.0
9139165,22395078,1.0
21347346,29103567,1.5
10453695,17832726,0.5
15971562,890377,0.5
7586424,9996255,2.5
1549395,33493203,0.5
10064545,4380969,0.5
1039520,206084,0.5
30307501,13729434,1.0
10851820,349241,0.5
349241,952189,1.5
6780767,6670942,4.0
11778024,10041891,1.5
9325315,10975056,1.0
20819799,5254650,0.5
1861458,26066727,1.5
3067553,1549395,1.5
23540628,18399519,3.0
20230364,19745004,0.5
10067157,26050796,0.5
27293877,19745004,0.5
942903,24560307,0.5
30027163,12970971,0.5
24750581,20919134,0.5
10755256,3214406,0.5
12256376,13220460,1.0
7792553,3149845,1.0
9996255,9139165,7.0
31001374,30144828,0.5
32120717,20929025,0.5
31227376,31227320,1.0
31227320,31227376,1.0
12127251,2935735,0.5
19704072,203666,0.5
9831101,507775,0.5
3757512,26050796,1.0
28921747,24444557,2.5
16026402,5550567,1.0
27,363387,0.5
16726595,1787757,0.5
19483273,4128353,0.5
29917715,9139165,1.0
658518,2608337,0.5
4243142,33945,0.5
10827035,9996255,1.0
15510233,23540628,2.0
22390925,17728164,0.5
17728164,22390925,0.5
206084,8077760,1.5
3308958,4973784,3.0
32409782,5400018,0.5
33076155,32409782,0.5
27888295,4000279,5.5
1962219,10664,0.5
658518,33653617,1.5
30872453,30805535,0.5
1039520,5483330,0.5
19390712,2006876,6.5
13392416,25959820,0.5
26050796,7083240,0.5
10379106,931039,1.0
19872239,321278,1.0
597879,12670444,0.5
1549395,3067553,1.5
24571765,23899906,0.5
22844223,19289265,0.5
143580,27823188,0.5
29195078,203666,5.5
168370,1090311,1.0
17163720,33588118,0.5
16469697,1039520,2.0
24560307,1272666,0.5
4591033,2935735,0.5
21399598,3319769,0.5
21700420,21679569,0.5
30675223,15778059,0.5
3038446,7786818,0.5
20580498,2006876,1.5
10045175,9325315,0.5
6049573,6015874,0.5
24740684,16396294,0.5
13729434,30307501,0.5
17832726,1028340,0.5
12779410,8962829,0.5
258750,4007018,1.0
7209439,23096959,0.5
15515181,2410676,0.5
33336112,734934,2.5
1028340,17832726,0.5
2481963,7653178,0.5
9996255,12498335,2.0
18351718,21222979,1.0
5952670,16180517,0.5
1460385,1385122,0.5
10067157,22395078,0.5
6246304,3662176,2.0
11796974,14169882,1.0
27931142,27788951,3.5
27931142,27804716,2.5
16384837,19939216,3.5
29491240,24951510,0.5
12677322,321278,0.5
29290473,5483330,0.5
3757512,781028,0.5
268027,32531480,1.0
29455960,10851820,4.0
108278,13824123,0.5
22387458,22584039,1.0
658518,33653601,13.5
34597195,34837037,2.0
24474138,3638964,5.0
29217912,29996513,2.0
11909121,26033134,0.5
26033134,11909121,0.5
14904442,7691631,0.5
6668676,5806776,0.5
34327471,34326028,0.5
34819734,34869070,0.5
28360638,32954806,5.5
7357595,7458003,0.5
16764080,16652218,0.5
30644093,18997610,0.5
28269754,153204,0.5
10459531,7613257,0.5
31051234,26927972,0.5
31051234,24382273,1.0
23992530,29551018,1.0
24668894,4128353,1.0
9139165,9996255,2.5
26235440,24718080,1.0
9461481,5801666,0.5
4268140,1424470,2.5
6052672,6049573,0.5
19872456,15480067,1.0
27193779,11545928,2.0
23992530,24777832,1.0
12791642,32403967,0.5
12791642,31136177,0.5
25312483,5254650,0.5
26927972,31051234,0.5
25218927,24382273,0.5
25184469,24382273,0.5
20897561,8629417,0.5
9979119,14757903,1.0
31136177,32403967,1.0
13941428,1549395,0.5
26050796,10067157,0.5
31492490,21347346,13.5
33365023,26820697,0.5
993110,6547965,1.5
11796974,952189,5.5
20310822,10041891,1.0
10064545,14169882,2.5
31375455,24395109,0.5
19241830,24395109,0.5
24386993,7653178,0.5
24386993,2481963,0.5
20580498,11225014,4.0
18775306,1446467,0.5
24668894,12511640,0.5
658518,858127,0.5
19831555,714074,0.5
33744138,15836199,21.0
1382471,1381673,0.5
32104924,11667865,0.5
3416274,3019537,1.5
11061773,29891188,0.5
357681,29891188,0.5
26873220,21546187,0.5
366200,7613257,1.0
32954806,28360638,0.5
29891188,27620277,0.5
27758092,15337722,0.5
8962829,10064545,3.0
321278,33699956,4.5
2006876,18997610,2.0
16691792,16688238,4.5
21909749,22737337,0.5
6281902,3867127,0.5
206084,11221453,0.5
4596755,481872,0.5
27452807,18225913,0.5
79712,79352,0.5
658518,20929025,0.5
8966356,3638964,0.5
2945088,23096959,0.5
22137709,15510233,2.0
566073,11545928,1.0
7363211,18292022,0.5
3301400,3857240,3.0
28011613,3214406,1.0
1451352,24560307,0.5
5806776,6668676,1.5
6235174,16008423,1.5
29972131,4128353,0.5
8077760,206084,0.5
19124554,3594497,1.0
27609645,72690,0.5
25652980,11396385,2.0
22846573,7691631,0.5
24617259,33653601,0.5
24617259,658518,0.5
28924109,8271291,0.5
27758092,3214406,1.0
19927831,19928304,1.0
26509369,13512328,0.5
2090979,6296790,0.5
10391073,8710321,3.0
6547965,993110,1.0
12499251,10040960,0.5
23718631,4039952,0.5
27433386,25537901,0.5
13510362,6604361,0.5
28283593,23096959,1.0
24777832,23992530,0.5
21909749,22737333,2.5
11796974,16396294,0.5
14003349,714074,0.5
8767214,9384267,1.0
30144828,31001374,0.5
1381673,1382471,0.5
1549395,33410771,0.5
27576132,8966356,0.5
33493203,1549395,0.5
2989966,28643625,1.0
15768911,11167738,0.5
11796974,9309093,0.5
33750123,9309093,1.0
9008200,6899875,0.5
24382273,32883613,0.5
20929025,24560307,0.5
206084,3745077,1.0
28366058,23096959,1.0
4128353,12511640,1.0
10067157,8486799,2.0
5298790,15189073,1.5
10851820,5548784,0.5
10012207,2006005,0.5
23770421,1501888,0.5
33653601,33653575,1.5
9139165,10067157,1.0
34326028,34327471,0.5
25002984,321278,0.5
9896583,34122184,1.0
8587669,23096959,0.5
33410771,614070,0.5
9325315,28939972,0.5
17157565,2729788,1.5
14410778,23096959,1.0
6235174,30892477,0.5
3631697,28366058,0.5
20882412,19745004,0.5
10040970,10040960,0.5
1451352,2931111,0.5
30162008,27776551,0.5
8745199,10469184,1.0
23774298,33791453,4.5
15861746,9207280,0.5
11446206,1105519,0.5
22252196,6543378,0.5
12296490,10969551,0.5
10399553,10399273,1.0
3091591,3016562,0.5
29103567,31492490,19.0
8290123,7512484,0.5
206084,23519392,1.0
31046054,7691631,13.0
33653639,33653601,1.0
15460666,15452919,0.5
5312648,32102712,0.5
3346602,1424470,2.0
10575878,15045751,0.5
31404980,23096959,2.5
34869070,34819734,0.5
2567844,5298790,1.0
13384052,24500594,1.5
9349840,13729434,2.0
24692885,11225014,0.5
16396294,321278,0.5
25273785,23116127,6.0
10350614,8745199,0.5
20881761,20919134,1.0
7833168,507775,2.5
10178188,17307763,1.5
1090311,614070,0.5
6659004,3149845,0.5
13257961,2594187,1.5
15693680,7691631,1.5
15480067,11061773,1.0
27876939,34268206,0.5
6670942,24774658,1.5
32940722,32475785,1.5
32475785,32940722,1.5
21222979,10107472,0.5
34823916,27654303,1.5
16158381,15581687,0.5
1122534,8514,1.0
321278,614070,0.5
19360616,11225014,0.5
19360616,20580498,1.0
12907373,23398306,1.5
5474822,3149845,0.5
27193779,34876145,2.5
34508140,9301720,0.5
34508140,321278,1.0
11589713,13512328,3.0
34647196,34294743,0.5
27494663,19360616,1.0
32093977,6855801,0.5
8981131,14747279,0.5
34423464,32969220,2.5
6394704,3857240,0.5
21992036,24951510,0.5
24951510,21992036,0.5
4110016,26658897,0.5
28059353,20929025,0.5
31391612,1090311,0.5
15435,65252,1.5
30198400,32545743,0.5
19154916,7209439,0.5
29806257,11061773,0.5
3195124,8514,0.5
32940722,24871990,2.0
30043131,29704274,5.5
34693515,2081289,7.0
33653575,33653601,1.5
30531423,29806257,0.5
1784628,32104924,1.0
11176360,34856295,0.5
27024702,23770421,2.5
35876853,671825,0.5
10375607,23434056,0.5
26127190,19606628,0.5
33805382,11167738,0.5
20004472,36058442,0.5
19680412,3955647,0.5
14089735,321278,2.0
7083240,17458040,1.0
27193779,12670444,1.0
6452529,21244505,0.5
5151909,9301720,0.5
5151909,321278,0.5
33791453,23774298,2.0
28949681,9568894,1.5
3606738,17163720,0.5
757363,20929025,0.5
11819493,12038459,0.5
6093316,19606628,0.5
18550041,6907993,1.5
2296970,1200050,1.0
18399519,23540628,1.0
8629417,16286131,3.5
23116127,25273785,4.5
8514,7362671,0.5
24871990,7653178,1.5
22521755,14116604,1.0
20919134,19745004,2.5
2935735,1272666,0.5
841835,28710753,3.0
25033964,3016562,0.5
22387458,3455070,0.5
843222,858127,1.0
6498492,321278,0.5
24808739,14089735,0.5
2556327,1084114,2.0
17625480,11688522,0.5
26747622,19745004,1.5
9301720,321278,0.5
24871990,32940722,5.0
30210113,17832726,1.0
6714663,943149,0.5
10107472,21222979,1.0
3720966,108278,1.0
5532320,33507463,7.5
34294743,34349757,0.5
20580498,28627094,0.5
29268631,2659467,2.0
23059575,8347839,0.5
1211978,380961,1.0
19143802,790359,0.5
21875770,34659664,1.0
8768978,11939484,0.5
7173240,597879,1.0
24444557,28921747,1.0
5225735,35104756,2.0
2510503,3198415,0.5
15045751,206084,0.5
22234412,19745004,0.5
29377344,24560307,0.5
18292022,714074,0.5
18292022,7363211,0.5
18777006,2081289,0.5
33791453,23770421,3.5
13934856,6660536,1.5
33044331,29028775,0.5
27576132,23096959,1.0
8589420,23096959,0.5
7760890,24395109,0.5
24891661,28710753,0.5
2996011,3594497,0.5
26648250,5617672,0.5
23770421,3857240,1.0
654608,843222,1.5
12380069,13576006,2.0
24195339,6093316,0.5
2381732,2310495,1.5
13633443,108278,0.5
20929025,10064545,0.5
10604766,481872,1.0
2835111,1362490,0.5
23690791,10270250,0.5
26308508,26307245,0.5
27575147,3214406,0.5
10822741,2228226,0.5
10199599,14051004,1.0
1090311,25476601,0.5
14329321,7691631,0.5
27453670,9309093,0.5
16219318,28643625,0.5
10270250,29028775,1.5
4056288,108278,0.5
108278,4056288,1.5
24195339,9060347,0.5
13619340,3857240,0.5
6612466,2203645,2.0
26883938,5317353,2.0
24349832,5830987,0.5
17374628,17374588,4.0
17307763,10178188,2.5
19467101,13527761,0.5
9478219,10391073,0.5
4878628,9029977,0.5
22443384,17089728,0.5
14410778,507775,0.5
35485373,26870928,0.5
3759620,2776635,0.5
2965621,952189,0.5
20100867,9530789,0.5
30349984,729744,1.0
206084,3629537,1.5
27866077,14089735,0.5
8427528,10312708,0.5
4335022,3626679,1.0
34855687,11688522,0.5
34856295,11688522,0.5
11753734,15350898,0.5
11213384,19360616,0.5
30325550,206084,0.5
30910514,9852918,0.5
931039,321278,1.5
34752262,714074,0.5
23445209,321278,1.0
35023956,9384267,0.5
15480067,321278,0.5
4137249,17303641,1.0
36099221,30660747,0.5
9925552,8711354,0.5
11178845,16008423,0.5
17303641,108278,1.0
6498492,10697582,0.5
3198415,2510503,0.5
23797315,12511640,0.5
4128353,3342055,1.5
27549019,13078968,0.5
15426083,21912119,0.5
35489567,65252,1.0
65252,35489567,0.5
8347839,771016,0.5
771016,8347839,0.5
35242228,1105519,1.0
13705182,13124802,1.5
15380306,237159,0.5
27150322,25652980,0.5
31315021,30921526,2.5
30808587,931039,0.5
18889409,3594497,1.0
9482875,2203645,0.5
35243741,34349757,0.5
35117189,34349757,0.5
35054961,34349757,0.5
35063507,34349757,0.5
7833168,943149,0.5
31829770,24195339,0.5
24871990,3867127,1.0
35104756,5225735,1.0
18026324,18533350,0.5
30959449,31346719,0.5
31346719,30959449,0.5
20929025,21413198,0.5
17434992,321278,0.5
3983388,2948949,0.5
7551773,25033964,1.0
18566373,5710341,0.5
7765812,5262776,0.5
22395078,7586424,0.5
22395078,9139165,1.0
16196446,10270250,0.5
8514,32104924,1.5
34837037,34597195,0.5
10453695,10664,1.0
910757,910744,0.5
12159312,714074,0.5
15830664,4216175,0.5
7467217,5400018,0.5
321278,23445209,1.5
19226573,6498492,0.5
1952825,206084,0.5
32542838,11061773,2.0
34927706,21748344,0.5
35446456,943149,1.0
24612415,2729788,0.5
299862,843222,0.5
9214768,4106792,1.5
9029977,4878628,0.5
17950592,11167738,0.5
17163720,3606738,1.5
34092787,30982112,0.5
13124802,206084,1.5
20580498,1390248,1.0
14238949,417389,1.0
6015874,6049573,0.5
108278,3720966,0.5
20580498,20653934,3.0
8715146,931039,0.5
24894892,1090311,0.5
32832010,26996090,0.5
17815129,17788368,0.5
14712850,23096959,1.0
5954,168370,0.5
8514,5266,0.5
7253769,18409797,0.5
1968190,1362490,0.5
7691631,31046054,10.5
991475,7363211,0.5
16688238,16691792,1.0
17625480,34856295,0.5
17592572,16174770,1.5
206084,10073359,0.5
5532320,34082421,1.0
8962829,25136308,0.5
8962829,75547,1.5
8962829,11167738,0.5
8962829,25003905,0.5
8962829,4380969,1.0
8962829,1424470,1.5
8962829,3955647,0.5
8962829,15355019,1.0
16986815,14003349,1.0
206084,13124802,0.5
32474675,1217614,0.5
167174,321278,0.5
2659467,29268631,1.5
8042529,4137249,1.0
527644,13078968,0.5
1549395,632007,0.5
32218959,321278,0.5
6604361,28710753,0.5
11446206,11446601,0.5
30660747,36099221,5.5
2014929,28782747,0.5
15480067,31404632,0.5
16008423,6235174,1.5
32940722,3867127,0.5
30415285,15510233,2.5
11753734,19008038,1.5
10012207,658518,0.5
26050796,17458040,1.0
10822741,18889409,0.5
3214406,349241,0.5
5532320,34349757,0.5
34349757,34294743,1.0
6073097,108278,0.5
13599100,25003905,1.5
33015583,2183193,1.0
30694268,26077653,0.5
21347346,31492490,5.5
1105519,11446601,0.5
4568238,237159,0.5
35440649,206084,0.5
24195339,321278,0.5
34122184,9896583,1.5
15928042,6452529,0.5
36024070,843222,0.5
28759170,21233191,0.5
15452919,21611069,1.0
25706953,10270250,0.5
15189073,5298790,2.0
2968000,3557653,4.5
3489194,34786988,0.5
23519370,37291353,0.5
34870728,24829371,3.5
23992530,24609401,0.5
810796,1784628,0.5
5266,8514,1.0
23206290,8779606,0.5
36960321,7691631,2.0
26643020,203666,1.5
32531480,268027,3.0
8295205,9403933,0.5
321278,931039,0.5
18128548,7691631,2.0
597879,3342055,1.0
25527782,31409916,2.0
488514,587923,0.5
34828389,10270250,0.5
23924195,12791642,1.0
33400802,9568894,2.0
26316966,37993459,6.5
2965621,478584,0.5
37238205,30162008,0.5
7192181,84822,0.5
2681994,6296790,0.5
28921747,28062827,0.5
20568502,321278,0.5
34082421,13599100,1.0
28061676,10270250,0.5
29028775,24560307,1.0
843222,1460385,1.5
3631697,18165661,1.0
7691631,19360616,3.0
9384267,2935735,0.5
1936771,20300177,0.5
2931111,1451352,1.5
24500594,13384052,0.5
15480067,10270250,1.5
10037542,13739356,0.5
17919669,24386993,0.5
21877014,2611311,0.5
24386993,17919669,0.5
2608337,658518,0.5
24195339,20929025,1.5
30019356,29807436,0.5
20460946,9325315,1.0
13346571,7764559,0.5
29807436,3301400,0.5
7918325,2665618,1.0
5303123,33653617,1.0
31404632,15480067,1.0
35440649,13124802,1.5
28061676,22187098,0.5
13230665,2410676,0.5
6209952,15168264,1.0
20580498,22442668,6.0
25450557,9384267,0.5
12591371,28924109,0.5
7789923,2729788,1.0
6604361,10178188,0.5
4637221,206084,0.5
14640193,9521528,0.5
29704274,30043131,3.5
19651495,86149,0.5
7789923,5474834,1.0
27388642,24947768,4.5
614070,321278,0.5
17397011,6607925,0.5
84822,7192181,0.5
26509369,20580498,0.5
1032,488514,1.0
17053199,15045751,0.5
18511024,12511640,0.5
10064545,1424470,0.5
12779410,10064545,0.5
33653652,30892477,0.5
37579760,931135,0.5
13421878,2316191,1.0
2316191,13421878,1.5
21831446,8629417,0.5
8629417,21831446,0.5
35648870,24829371,1.5
24790523,10851820,2.0
8290123,27089359,1.0
32024077,27788951,2.0
32024077,32024574,1.0
32024077,14169882,1.5
32024077,1424470,0.5
32024077,27804716,4.0
32024077,25003905,3.0
24103275,2649214,0.5
31268331,1217614,0.5
16849857,3308958,1.0
16469697,535712,1.0
35294259,31404632,0.5
35294259,10697582,3.0
29972131,781028,0.5
117302,168370,1.5
28769114,3786218,0.5
8715146,21912119,0.5
11914939,9994688,0.5
6394704,12048721,0.5
271714,19745004,0.5
26509369,12574344,0.5
31409916,22442668,1.5
27776551,34495913,0.5
577245,4164482,0.5
16523688,11778024,1.0
27790033,6404963,0.5
757363,6093316,0.5
34133681,7804910,1.0
19989216,501687,0.5
27530076,9325315,0.5
8715146,15426083,1.0
12048721,6394704,0.5
24993103,15947557,0.5
31090585,781028,0.5
37291353,1272666,0.5
32271212,32969220,0.5
17374588,19097645,3.5
33653601,658518,4.0
19745004,27311720,1.0
19848353,15168264,0.5
17374628,3149845,0.5
4262493,6235174,0.5
23578850,8514,0.5
11688522,34856295,1.0
3769702,10270250,0.5
15778059,11939484,1.0
23332350,1181927,0.5
27089359,8290123,1.0
27051771,23096959,1.0
23049298,714074,1.0
26650305,26927081,0.5
758079,2556327,1.0
37613710,34927706,0.5
1446467,37489525,0.5
21741875,4723248,0.5
20894654,19745004,0.5
35810120,25033964,0.5
7639232,7613257,0.5
27776551,65252,1.0
27494663,321278,0.5
3988087,71019,0.5
26446298,1272666,0.5
20580498,5672873,2.5
5801666,2114213,0.5
3346602,4268140,0.5
35686677,6660536,0.5
24031839,32362828,1.0
30210846,16584540,1.0
23584825,14169882,1.0
22795312,9252533,1.0
6404963,15145867,1.0
11167738,4090287,0.5
4950187,12499251,0.5
22873447,24984705,0.5
2796081,1210071,0.5
3319769,929845,3.0
6899875,9008200,0.5
31923165,14735429,0.5
37559299,35640229,0.5
2729788,7789923,2.5
30678362,8629417,1.0
18128548,777444,0.5
32549018,15426083,1.0
587923,488514,0.5
31340566,28366058,0.5
843222,28782747,0.5
11061773,16257813,0.5
1520275,29891188,0.5
20789757,16219318,0.5
10064545,237159,0.5
107872,27,1.5
16257813,11061773,0.5
11693039,8044474,0.5
29925961,17728164,0.5
14778920,12511640,0.5
35095498,2665618,0.5
17397011,3149845,0.5
12499251,4950187,1.0
35113192,14089735,0.5
16735401,2750721,0.5
7873535,12380069,1.0
36960293,7691631,2.0
24924435,206084,0.5
2351609,2351384,1.5
27311720,19745004,1.0
6804324,3319769,0.5
1451352,20929025,0.5
19390712,20905275,0.5
4665529,1272666,2.0
658518,33653575,2.0
108278,1210071,0.5
3720868,4137249,1.0
21449162,14225208,1.0
9992330,6082996,0.5
36474929,12791642,0.5
31596861,1446467,1.0
20773773,23206290,1.5
3455070,17372733,0.5
25476601,507775,0.5
11589713,19360616,0.5
19859302,16745868,0.5
3669065,24910542,0.5
12912885,12204593,0.5
28366058,21233191,0.5
24483721,21233191,0.5
19141754,19141770,0.5
26509369,16068616,0.5
19141770,19141754,0.5
21233191,24483721,0.5
34786988,3489194,1.0
37276358,35294259,0.5
19745004,20894140,0.5
4653065,2090979,0.5
17273223,23096959,0.5
21912119,15426083,0.5
5532320,30982112,2.0
16563587,23096959,0.5
36316259,32496221,0.5
19390712,17372733,0.5
15045751,11939484,0.5
14895592,929845,0.5
27174281,14089735,0.5
32405591,24195339,1.0
14252082,2835111,0.5
3867127,24871990,0.5
28796010,27494663,0.5
17458040,19031487,14.0
19031487,7083240,0.5
35529429,21233191,0.5
19745004,271714,0.5
2183193,658518,0.5
27494663,15045751,2.0
35686677,5346495,0.5
16068616,26509369,0.5
3214406,18825519,0.5
23924195,2183193,3.0
5239185,5710341,0.5
1052675,5710341,0.5
1254497,5710341,0.5
326688,5710341,0.5
9467421,5710341,0.5
5905330,5710341,0.5
1129010,5710341,0.5
84822,5710341,0.5
1424470,5710341,0.5
669174,5710341,0.5
2310615,5710341,0.5
12670444,5710341,0.5
18611173,5710341,0.5
4924151,5710341,0.5
15428480,5710341,0.5
14241623,21909749,1.0
34104801,11167738,1.0
8594752,7363211,1.5
24395109,4039952,0.5
238983,447184,0.5
17374588,3149845,2.5
22137709,18399519,2.0
22137709,23540628,1.0
29677079,17956128,27.5
24163710,1424470,0.5
33585061,27775665,0.5
14225208,16185172,2.0
14225208,17620347,2.0
17372733,3455070,1.0
22447892,858127,0.5
10697582,35294259,0.5
12970971,30027163,0.5
392785,8514,0.5
36328728,27148891,0.5
32787174,321278,0.5
8514,488514,0.5
10557109,8966356,0.5
32475058,22361331,0.5
29473314,15838785,2.0
15838785,29473314,0.5
3089420,931039,0.5
21849349,21451305,0.5
17458040,7083240,0.5
23059575,15045751,0.5
28183683,28183758,1.0
1210071,2796081,0.5
3449583,258750,0.5
24560307,3955647,0.5
24947768,27388642,0.5
32787174,3678731,0.5
7223566,931039,0.5
2203645,9482875,0.5
4128353,16665655,0.5
23096959,14125254,0.5
21088356,321278,0.5
27193779,11061773,0.5
15186239,1272666,0.5
5715599,6578551,0.5
13346571,24560307,0.5
764708,21394954,0.5
28366058,9461481,1.0
465681,28769114,0.5
25811020,1390248,1.0
36519040,35563024,5.5
15350898,36837280,2.0
447036,206084,0.5
14119537,10066825,0.5
24891661,38434858,2.5
16286131,2203645,1.5
36817565,35210580,8.5
36420691,714074,0.5
20884782,8556864,1.5
27727916,23096959,0.5
1084114,19504824,0.5
12146969,20775600,3.5
12888993,38982731,2.0
11061773,24560307,1.0
11778024,32033179,1.0
24560307,8962829,0.5
32655656,23770421,0.5
35210580,36817565,1.0
943149,37559299,2.0
9934972,6296790,0.5
2296970,1283503,0.5
15693680,36960321,1.0
24777832,22878143,0.5
11167738,16415622,1.0
658518,33655518,1.5
20775600,12146969,3.0
4875730,8629417,0.5
31790386,20929025,1.0
36960293,36960321,13.0
26109545,23096959,0.5
65252,11980558,0.5
33653652,32897150,0.5
19387849,14135470,1.0
29250115,2081289,1.0
1549395,3195124,0.5
11658016,21242339,0.5
12590126,28924109,0.5
8739960,465681,0.5
7691631,36960321,11.5
17958761,21915931,1.5
7691631,17053199,0.5
10035842,9568894,1.0
1385122,2081289,0.5
29882262,21273155,0.5
21273155,29882262,0.5
9018691,10851820,1.0
4468112,206084,0.5
2983241,7251076,1.0
18113139,2081289,1.0
36960321,15693680,0.5
11589713,20580498,1.0
143580,286516,1.5
24516568,6248645,3.5
26805193,19036577,0.5
34927706,22737329,2.0
37219287,2665618,1.0
20390951,16522983,1.0
4493652,6804324,0.5
14562056,19076737,1.0
31089468,25104780,0.5
34082421,5532320,1.0
18388099,5710341,0.5
8043756,38388440,41.5
35573790,34105868,0.5
8411137,8432681,2.5
1520275,614070,0.5
16819795,11778024,0.5
21357099,3016562,0.5
24657821,39211337,44.0
35648870,34870728,0.5
6059135,6059122,0.5
34357801,34340650,0.5
2183193,1103054,0.5
734934,36683926,2.0
15355019,11167738,1.0
184460,735498,0.5
29891188,35520634,0.5
33112318,16691792,1.0
9085509,3731016,0.5
19716234,22766581,0.5
13753636,2055965,0.5
12977854,9384267,0.5
11344473,27200766,1.0
2935735,17085014,1.0
2665618,37462194,0.5
35978199,31315021,1.5
10064545,27788951,2.0
10064545,27804716,4.0
10064545,27783162,2.0
10064545,27828339,2.5
10064545,25003905,0.5
29620400,16241224,0.5
22355214,35120039,0.5
108278,17303641,0.5
11225014,13512328,0.5
14120618,35310228,0.5
5569059,22355214,0.5
11939484,206084,0.5
641512,4989235,0.5
6093450,263379,1.0
22641745,24560307,0.5
2165383,11935993,0.5
4037197,19832415,1.5
27466453,2750721,1.0
12915119,488514,1.0
29137950,31492490,1.0
22789601,11233996,1.0
11803168,11855195,1.5
2014929,1446467,0.5
7921466,3606738,0.5
1549395,33644564,1.0
24984705,22873447,1.0
30292357,1946622,1.5
7691631,23059575,0.5
27089359,7512484,0.5
36934428,529502,0.5
13617177,12418999,0.5
32024077,8962829,0.5
20580498,6838921,1.0
35098176,27788951,0.5
17163720,931135,1.0
10431493,8587669,0.5
25185119,14712850,0.5
18525395,7530570,0.5
26845993,16665655,1.0
36388645,29028775,0.5
36388645,3214406,1.0
20580498,23272510,1.5
640534,3659275,1.0
8962829,19843509,2.0
12445598,3016562,4.0
21501000,21500952,8.0
15111821,13124802,1.5
1217831,23096959,0.5
31404632,24560307,0.5
28353322,31046054,1.0
238983,363387,1.5
143580,12442243,1.0
30091667,7691631,0.5
19323986,13124802,0.5
34927908,30388450,1.0
5532320,34129761,0.5
5405654,29028775,0.5
21665489,5532320,0.5
1451352,8962829,0.5
11855007,11855195,1.5
1801829,8921879,0.5
7411076,4095287,0.5
9824738,8863313,2.0
3606738,7921466,1.0
909933,3314,1.0
11290232,11225014,0.5
2081289,2165383,0.5
34007042,39648183,1.5
16416867,1441734,1.0
34752262,6093316,0.5
3214406,15728293,0.5
3342055,321278,1.0
18188537,7512484,1.0
37785462,7691631,0.5
6287880,2725544,0.5
11635422,34105868,1.0
35563024,24871990,4.5
17762549,15388290,0.5
33354438,6804779,0.5
32112284,5532320,0.5
29094509,7177096,0.5
33052709,4137249,0.5
9887009,12359519,0.5
34496016,27804716,4.5
36754446,26235440,1.0
30840755,10126908,1.5
17155108,1090311,1.0
19843509,12716501,0.5
3720567,108278,0.5
24636789,1090311,3.0
10064545,32024574,0.5
23984796,20785986,0.5
15510373,15510233,3.5
5786856,2310495,0.5
36837280,15350898,0.5
4669064,873328,0.5
38506271,8271291,0.5
14430294,39073784,0.5
12387090,33653601,0.5
32333558,12499251,0.5
36535156,22046023,0.5
22442668,20653934,1.5
35563024,36519040,1.5
206084,4129065,0.5
16963741,14241623,0.5
28981606,22023776,0.5
39586144,3301400,0.5
529502,1446467,0.5
19076737,9207280,1.0
19360616,27494663,2.0
29561893,20929025,2.5
33147927,3214406,0.5
19501047,19076737,0.5
22442659,7691631,0.5
14216341,13124802,0.5
15111821,4254338,0.5
747698,167174,0.5
15510233,15510373,1.0
33352201,27051771,1.0
7994556,24833922,1.0
25471131,1090311,1.0
23096959,30325550,1.0
11980558,65252,0.5
31340566,7691631,0.5
1507818,35312458,0.5
29268051,4128353,0.5
31795422,15062869,1.0
858127,1844194,0.5
6838921,20580498,1.0
20317364,931039,1.5
7691631,31340566,0.5
16665655,26845993,0.5
17085014,2935735,0.5
2931111,4330620,2.5
16851127,4025121,0.5
11855195,11803168,0.5
10908696,1039520,0.5
206084,501687,0.5
21203040,21388550,0.5
24871990,35563024,2.0
2625205,21273155,1.0
34935988,12048721,0.5
34935988,25837286,0.5
34935988,4039952,0.5
12359519,9887009,0.5
33898786,34429296,0.5
21290287,6182775,0.5
29097304,27654303,0.5
2031640,43371,0.5
4723248,1200050,0.5
27193779,6498492,0.5
206084,3483944,4.0
36777614,14089735,0.5
37852852,3214406,0.5
24829371,1103054,0.5
11461524,21184808,0.5
4723248,16501535,0.5
2665618,37219287,0.5
15233168,32885727,0.5
18045013,1200050,0.5
19360616,37093142,0.5
5532320,34429296,1.0
34429296,35520464,0.5
19292203,2067253,1.0
30682536,7691631,1.5
5568076,5672873,0.5
3483944,206084,0.5
3731016,9214768,0.5
2129739,15062869,0.5
36843396,10755256,0.5
17386215,34068092,0.5
7691631,27494663,2.5
27200766,25008788,15.5
14410778,13124802,0.5
28430308,6344602,1.5
23272510,20580498,2.5
30985840,3314,1.0
25691817,6094683,1.0
36960293,28366058,0.5
14895592,23404839,1.0
5108029,5108051,0.5
19383624,1390248,1.5
19816973,15830664,0.5
29946971,32774942,0.5
7613257,25993378,0.5
34757137,24560307,0.5
1103054,2183193,0.5
25838887,12467623,0.5
770744,488514,1.0
38982731,12888993,1.0
841835,1446467,0.5
34132554,34429296,0.5
37931301,4128353,0.5
4704710,1460385,0.5
26063680,26063644,0.5
5801666,1446467,0.5
108278,14132156,0.5
557980,13527761,0.5
29943859,16286131,0.5
1211978,9384267,0.5
507775,2916712,1.5
19832415,4037197,2.5
6762869,1844194,2.0
26509369,7691631,0.5
9061947,481872,1.0
33653575,658518,0.5
286516,143580,0.5
13078968,22498444,0.5
10270250,11061773,0.5
610292,8100172,0.5
18399519,29688210,0.5
21500952,21501000,2.5
20235625,6506651,0.5
24700171,11730342,0.5
33644564,1549395,0.5
24829371,35648870,1.5
16691792,33112318,0.5
24560307,16328098,0.5
12256376,19716234,0.5
31790386,29694418,0.5
5532320,34276372,0.5
13779937,6604361,0.5
10247874,7691631,1.0
38896202,19018601,0.5
36190323,6498492,0.5
27729907,27729926,0.5
37385246,596892,0.5
37385246,997338,0.5
16691792,21386310,0.5
21386310,16691792,1.5
25033964,7551773,1.0
37288886,20580498,0.5
37382858,488514,0.5
34876145,22736886,0.5
20882845,21388550,0.5
21216322,4909355,0.5
24419942,9996255,0.5
18135369,3807749,0.5
23165881,41384605,0.5
29923031,7357595,2.0
29298494,6094683,1.5
23284838,6905963,0.5
11187998,15426083,0.5
9750588,15901046,0.5
29891188,29942808,0.5
36895421,33653601,0.5
18402447,8629417,1.0
34122335,3867127,0.5
3678731,16665655,0.5
24773848,40233846,17.0
30081813,23096959,1.0
28627094,22442668,1.0
33148320,39923176,3.0
27193779,16386099,0.5
18399519,22137709,0.5
15241331,501687,0.5
32024574,27788951,2.5
32024574,27804716,6.0
32024574,14169882,1.0
32024574,27783162,1.0
32024574,27828339,1.0
32024574,25003905,1.5
734934,27591558,3.0
734934,36681087,0.5
23096959,30081813,0.5
17508889,3594497,0.5
13347640,363387,1.5
238986,363387,1.0
9603889,2540368,0.5
41330463,39840932,26.0
24774658,1362490,0.5
24774658,2410676,0.5
36960321,36960293,9.5
13347640,238972,1.0
29215251,10045175,0.5
40053602,29891188,0.5
30325550,23096959,1.5
30415285,15510373,0.5
5952670,16180304,0.5
9244177,30541396,1.5
4129065,206084,0.5
13078968,321278,0.5
37232897,18421590,0.5
36099221,33148320,1.0
19097645,2729788,0.5
38863124,24560307,0.5
31492490,29675401,4.0
31492490,29137950,7.0
501326,259691,0.5
734934,26884724,2.5
36831081,10041891,0.5
788264,263379,0.5
33653601,32897150,2.0
20580498,26509369,0.5
32024077,27828339,1.5
32024077,27783162,1.5
9998516,9787757,0.5
1142976,2634628,1.0
119955,168370,0.5
38011696,32351642,1.5
33119347,28627094,1.5
40508605,40555844,2.0
19861213,4037197,0.5
19407947,12926963,1.0
23127683,17925227,1.0
13279839,10391073,0.5
566073,34876145,0.5
40042361,12450349,0.5
8514,27,0.5
16831466,8711353,3.0
27788951,27828339,2.5
27788951,27783162,4.5
123299,6884828,2.0
34538029,34294743,0.5
36835663,943149,1.0
34262857,36883823,1.0
23594674,19390712,1.5
27420524,20882845,0.5
11796974,1424470,0.5
4635510,3638964,0.5
400664,11545928,0.5
16469697,10908696,1.0
41269908,14089735,0.5
33745687,33746310,1.0
238972,168370,0.5
247278,5577220,0.5
22767401,2649031,1.0
20653934,26509369,0.5
13410867,597879,0.5
8962829,2476855,0.5
18708438,41607866,0.5
11545928,34876145,1.0
29623856,5532320,0.5
35243730,34294743,0.5
9500075,18830277,0.5
28404361,1181927,2.0
40518025,40555844,0.5
3629537,206084,1.5
27591558,26884724,0.5
37584261,29946971,1.0
16165969,11939484,0.5
658518,33653652,1.5
5672873,5568076,1.0
4106792,8730949,0.5
1797133,8514,1.0
6659004,6607925,1.5
18248068,8514,1.0
19504824,1267320,0.5
24636787,25312459,0.5
24636787,25312483,0.5
2195723,5298790,0.5
34138622,33653601,1.0
12785038,6452529,0.5
23574897,3449635,1.0
11742728,481872,1.5
33822149,30325550,1.0
11589713,15045751,0.5
18402447,16286131,0.5
40508605,40213252,0.5
26516210,28283593,11.5
3342055,4090287,0.5
16557964,16557832,1.5
5710341,15495333,0.5
39003227,2351384,1.0
33653601,33655518,0.5
18430752,16607898,0.5
25993378,26229585,0.5
35969237,15045751,1.5
36895421,32897150,1.0
15508537,7691631,0.5
3678731,321278,0.5
1385122,1446467,0.5
22844223,30041889,0.5
16831760,203666,1.5
33148320,38126184,2.0
23770421,33791453,1.5
36883823,34262857,1.0
16241224,25126616,0.5
22737329,34927706,1.5
658518,34138622,2.0
23652126,1695405,0.5
17372733,18997610,0.5
19149794,23229746,0.5
10697582,18460320,0.5
24829371,34870728,1.5
26181278,19483273,0.5
26181278,20343475,0.5
11939484,15778059,0.5
38386462,11061773,0.5
1301745,1632976,1.0
40225364,21233191,1.0
25891160,19872456,0.5
25891160,15062869,0.5
25891160,18840003,0.5
6804779,13527761,0.5
38760297,7994556,0.5
2835111,37489525,1.0
1181927,14981376,0.5
400664,34876145,1.0
11935993,2165383,1.0
2729788,17157565,1.5
481872,4056288,0.5
29915977,4723248,0.5
13911118,6804324,0.5
41162747,25126616,0.5
27729926,27729907,1.5
6729631,39640909,1.0
2006302,720294,4.0
40212760,17528018,1.5
32102712,13221727,0.5
10579297,39577429,0.5
22736562,16286131,1.0
32485326,34927706,0.5
33354438,13753636,1.5
31046054,37093142,1.5
3910945,7223566,0.5
37079565,27713859,0.5
16386099,34876145,1.0
21347346,29675401,1.0
30565487,23096959,0.5
32033179,11778024,0.5
7363211,3370128,0.5
32351642,38011696,0.5
15045751,10247874,0.5
40555844,40508605,3.0
36859528,21386310,0.5
27591558,734934,2.0
28223616,21413198,0.5
521583,18863040,0.5
18863040,521583,0.5
27,168370,0.5
39643904,21641241,0.5
40880507,7896002,1.5
3807749,3812481,0.5
39640909,6729631,2.0
17372733,19390712,1.0
27072955,16008423,0.5
39266291,38133364,0.5
39492526,11061773,0.5
10908696,16469697,0.5
22719188,1283503,0.5
1801829,22767401,0.5
25476007,14089735,0.5
13221727,15884459,0.5
13599100,5532320,1.0
13421878,4597760,0.5
1090311,25312459,1.0
12467623,7691631,0.5
734934,28568087,1.0
34927706,22737333,3.0
11778024,11061773,0.5
21167090,14089735,2.0
10320928,37291353,0.5
9568894,34138622,0.5
22974806,30541396,0.5
22974806,9244177,0.5
21291185,2698821,0.5
22737333,34927706,2.0
11688522,34855687,1.5
16203458,35786536,0.5
23215103,11167738,1.0
17417350,34294743,0.5
2552682,4597760,0.5
4597815,4597760,0.5
4514536,4597760,0.5
4046291,4056288,0.5
21942491,39009740,1.5
5853229,931135,0.5
14211461,11939484,0.5
10064545,8962829,0.5
14712850,17089728,0.5
5532320,34355781,1.5
16501535,34876145,0.5
2081289,34693515,1.5
1801829,14089735,1.5
18891741,37489525,0.5
22737337,22737333,0.5
2649031,22767401,0.5
12708085,15901046,0.5
9174191,507775,1.5
34105868,10697582,0.5
26291234,32823958,1.0
22442668,36960293,0.5
2932773,1446467,0.5
33655518,33655535,0.5
30683413,26505295,0.5
13127985,1200050,0.5
33746310,33745687,0.5
26316966,3122202,0.5
658518,14993021,0.5
21915931,17958761,1.5
15404425,10391073,0.5
38276094,20580498,0.5
33689746,14993021,0.5
14993021,33689746,0.5
32432966,32356253,0.5
36683926,734934,1.0
10391073,15404425,0.5
10391073,1431547,0.5
3758878,5476048,0.5
14993021,1385122,1.0
10175031,3594497,0.5
39659730,106310,0.5
39009740,19745004,1.0
1695405,23652126,0.5
27193779,22736886,2.0
33457642,25126616,0.5
7691631,10247874,0.5
28568087,734934,0.5
22285649,3301400,0.5
36883823,11061773,0.5
34262857,11061773,0.5
460078,12169108,0.5
23674901,23674586,0.5
2138392,3565779,0.5
18196184,12256376,0.5
23384500,23146519,1.0
1020639,9120498,1.0
1489635,27790033,0.5
28182521,19939216,0.5
10985948,7467217,0.5
27931142,27783162,0.5
27931142,27828339,0.5
27931142,14169882,2.5
27931142,25003905,1.0
869754,19994257,1.0
17303641,488514,0.5
14430294,14132156,0.5
27193779,10187082,0.5
6358188,12418525,0.5
3195124,588600,1.0
2897853,14211461,0.5
21244714,1362490,0.5
33653601,36895421,1.0
12256376,30084005,0.5
19745004,997338,0.5
488514,8514,1.5
11344473,25008788,1.0
1390248,206084,0.5
23168206,5710341,0.5
40254610,203666,0.5
19272315,27452807,0.5
10247874,22642120,0.5
15045751,22642120,0.5
15901046,9750588,0.5
12450349,596892,0.5
37301843,36747447,0.5
38273403,36747447,0.5
1748738,8514,0.5
9467421,1200050,0.5
23937466,10041891,0.5
24894868,1090311,1.0
24474126,10247874,0.5
11796974,27828339,1.0
11796974,27783162,1.0
23116127,36898319,0.5
36898319,23116127,0.5
36789116,16752620,1.0
37154906,3638964,0.5
6884828,123299,0.5
17645158,9393759,0.5
17528018,40212760,3.0
39178161,28796010,0.5
9325315,8715146,1.5
1390248,481872,0.5
20329783,8576730,0.5
14204295,9580168,0.5
2743221,34876145,3.5
26750407,19872456,0.5
895341,24829371,0.5
28611747,39164702,0.5
17448603,34876145,0.5
19721399,25179529,0.5
7251076,2983241,0.5
1385122,4704710,0.5
29925961,7691631,1.5
3080613,11002815,1.0
39909775,40924266,0.5
25218097,14119537,0.5
27804716,27828339,2.0
38696867,29268051,0.5
34739117,37489525,0.5
841835,15830664,1.0
39164702,1844194,1.0
11061773,38386462,0.5
4585757,2510503,0.5
20391375,16394957,1.0
41516944,34757137,0.5
23403252,36463352,1.0
36463352,23403252,2.5
18997610,19390712,0.5
23384500,26567881,0.5
35229527,25312483,0.5
23623214,14145700,0.5
32486256,7691631,0.5
39994294,34315331,0.5
18421590,37232897,0.5
21641241,39643904,0.5
27729907,11225014,0.5
35452812,29028775,0.5
7827564,42929964,4.0
2067253,19292203,0.5
19133426,19014728,0.5
757363,167174,0.5
12756992,5108029,0.5
7639232,6094683,0.5
7994556,26931359,1.0
11290232,23096959,0.5
15510233,15510254,1.5
36960293,15693680,0.5
22527161,1725199,1.0
8941695,658518,0.5
42364482,32024574,1.0
9325315,321278,2.0
27494663,22642120,0.5
16243570,65252,0.5
1460385,28710753,0.5
6248645,28710753,0.5
10033465,7045004,0.5
38711355,27804716,11.5
19753195,15778981,0.5
34725861,42031158,0.5
28221116,1549991,2.5
919161,30358412,9.5
1549991,28221116,1.5
40804661,22355214,0.5
22355214,40804661,1.0
33653617,32897150,0.5
21641241,23096959,0.5
5108051,12756992,2.5
11780463,4365205,0.5
19508798,1607357,0.5
21060126,6093316,0.5
417389,132108,0.5
132108,417389,1.0
3342055,34876145,1.0
33002637,34262606,0.5
29478506,34262606,0.5
34262606,29478506,0.5
14089735,2672652,0.5
42292249,8634788,0.5
21049071,31267813,0.5
13591023,7470534,0.5
3449635,986551,0.5
36371959,16180517,0.5
3035586,1446467,0.5
33054090,38187960,0.5
27729926,1064563,3.0
30388450,4176043,1.0
2151913,2996011,1.0
35563024,41826844,0.5
32273268,8594752,0.5
21233191,32023078,0.5
32023078,21233191,0.5
39073784,1440272,0.5
39073784,14430294,1.5
19360616,36960321,1.0
14445965,11921791,0.5
29663916,16522983,1.0
29663916,13429048,0.5
16415622,28062827,0.5
38307428,40508605,0.5
34495913,34007042,0.5
895341,6235174,0.5
20724,24571366,1.0
24571366,20724,0.5
5625,8514,0.5
5625,106995,0.5
20460946,321278,0.5
8715146,321278,1.5
206084,20580498,0.5
781028,24560307,0.5
18198033,2296970,0.5
25008788,11344473,0.5
13695735,20092180,0.5
36900260,26509369,2.0
20919966,20919134,1.0
28687186,29097304,0.5
24560307,29028775,1.0
7691631,23404839,0.5
42742748,34495913,0.5
5731348,11403699,2.5
3885202,30776365,0.5
20312497,32023078,0.5
29943859,8629417,0.5
29410246,714074,0.5
34275039,33898786,0.5
14186284,597879,0.5
41642019,27776551,1.0
31873557,15728293,0.5
27783162,27788951,1.0
22023776,23499637,0.5
7691631,37093142,0.5
36960293,39969450,2.5
42245715,6498492,0.5
31524768,321278,0.5
24132515,23899906,0.5
20460946,8715146,0.5
15653572,8049897,0.5
20580498,40686014,3.0
5710341,9986619,0.5
2304599,8514,0.5
42546102,5312648,0.5
23620005,37489525,0.5
25312483,35229527,0.5
8039659,865412,0.5
30921526,31315021,1.0
3877327,17761383,0.5
15382297,18802640,0.5
16924500,2968000,0.5
11391151,33653601,1.5
11379921,21172715,1.0
8043756,10256919,0.5
28611747,33389183,0.5
2183193,33015583,0.5
17132838,16191201,1.5
18193978,26820798,0.5
5312648,15884459,1.0
206084,27555776,0.5
7045004,10033465,0.5
2351384,39003227,1.0
19994257,31404980,0.5
27494663,10247874,0.5
24468283,11344473,0.5
29629333,31046054,1.5
11450181,481872,0.5
16557832,16557964,0.5
23492806,34876145,0.5
23591918,34876145,0.5
33689104,34546968,0.5
33653601,11391151,0.5
29941153,29941222,0.5
29941222,29941153,0.5
39156591,20580498,0.5
24067383,931135,0.5
39105347,27549019,0.5
20882583,19745004,2.0
41826844,24871990,0.5
32475785,24871990,0.5
23059575,31046054,0.5
6838921,33822149,0.5
35517126,11289812,2.5
26509179,23096959,1.0
17620347,21449162,0.5
11778024,26191912,0.5
27442967,23831045,0.5
3149845,24612415,0.5
31436996,13739356,0.5
10533455,929845,0.5
30415285,29688210,0.5
32897150,33653575,1.5
6838921,7691631,0.5
6687522,206084,1.0
23570030,41092776,1.0
6670942,6780767,1.0
19843509,14169882,0.5
31267813,12048721,0.5
20343475,18446225,0.5
4723248,34876145,0.5
19872456,39316027,1.5
8486799,3757512,0.5
21337107,22684655,0.5
30565487,22883982,0.5
5254650,25312483,0.5
1811965,10664,0.5
26950457,9750588,0.5
4279682,321278,1.0
38101769,27788951,1.5
12418999,23096959,0.5
3720591,108278,0.5
2996011,2151913,0.5
37693926,6082996,0.5
2672652,34876145,0.5
39009740,20558462,0.5
5839692,34876145,0.5
16554739,33370332,1.5
28727808,9998516,0.5
39211337,26507037,0.5
15584464,23096959,0.5
9568894,37489525,0.5
34068092,17386215,0.5
19387849,4978045,0.5
39916403,7530570,0.5
22736886,34876145,0.5
14247166,10247874,0.5
7390235,771016,0.5
23135537,20390951,0.5
9384267,34876145,0.5
9979119,32885727,0.5
16396294,34230966,1.0
11921791,14445965,0.5
32897150,33653617,1.0
9568894,10035842,0.5
17761383,3877327,0.5
18633326,3877327,1.0
28006861,27442967,0.5
23831045,27442967,0.5
1362490,3060959,0.5
17084864,15508537,0.5
20724,15045751,0.5
21060126,12041782,0.5
2857233,34876145,0.5
16180517,36371959,1.0
24829371,2183193,3.0
39969450,27051771,0.5
512295,6296790,1.0
28867390,19711806,0.5
28782747,858127,0.5
25179529,19721399,0.5
17003578,596892,0.5
7718287,42929952,5.5
5254650,35229527,0.5
2917657,507775,1.0
38434858,1460385,1.0
2884603,1049095,0.5
446086,1717192,0.5
1717192,446086,0.5
4334538,184460,0.5
2203645,2725544,1.5
460078,12256376,0.5
30722866,35648870,0.5
1090311,20619044,0.5
11198185,26554,0.5
24390283,20785986,0.5
11344473,24468283,0.5
19133426,3594497,0.5
6182721,3149845,0.5
30337170,1549395,0.5
31136177,12791642,1.0
29675401,31492490,0.5
29675401,21347346,1.0
33653575,32897150,0.5
27776551,41642019,0.5
1267320,34876145,0.5
38370963,4287066,0.5
36535156,38565895,1.0
2560988,34876145,1.0
7827564,7718287,0.5
39003227,39006903,0.5
3594497,17508889,0.5
31581044,1390248,0.5
26291683,23393132,0.5
1893681,43371,0.5
7804910,33507463,2.0
12601374,29028775,1.5
14294585,4176043,0.5
41826844,32475785,0.5
32403967,1460385,0.5
8049897,6235174,0.5
11994902,23096959,0.5
34007042,34495913,0.5
22023776,34876145,0.5
1302990,29728425,0.5
29728425,1302990,0.5
40924266,39909775,0.5
25522582,1390248,0.5
5731348,1385122,1.0
38126184,39923176,0.5
3838278,321278,0.5
21909749,22737329,0.5
20619044,1090311,0.5
7807399,20665349,0.5
4981792,108278,0.5
6093316,9393759,0.5
1446467,206084,1.0
65252,16243570,0.5
36463164,18777006,0.5
18777006,36463164,0.5
11061773,321278,1.0
37489525,34739117,1.0
19935833,728994,0.5
36535156,38952298,0.5
5187096,321278,0.5
31090585,34876145,0.5
21060126,20929025,1.5
40686014,20580498,2.0
3060959,1362490,0.5
16665655,321278,1.5
22442668,28366058,1.0
24940807,2750721,0.5
11002815,3080613,0.5
2725544,2203645,0.5
19390712,2055965,0.5
15884459,13221727,0.5
30028892,19872456,1.0
747698,3678731,1.5
1440272,14430294,0.5
30892477,33653652,1.0
20665349,7807399,1.5
41394410,41394408,0.5
41869823,33401957,0.5
22737333,14241623,0.5
11939484,11403699,0.5
35520634,29891188,0.5
612587,5672873,0.5
8962829,13429048,1.5
31544185,15259244,0.5
29434046,35307583,1.5
34230966,34876145,0.5
35597922,32707901,0.5
15800559,9517720,0.5
25032644,21399598,0.5
31256533,34396268,1.5
21172715,11379921,0.5
18410674,17453060,1.0
40686014,5672873,0.5
2750721,27466453,3.0
2750721,4803400,0.5
22046023,2129739,0.5
23403252,23116127,0.5
23899906,24132515,0.5
41646393,23403252,0.5
23096959,27729907,2.0
24165519,23021810,0.5
1385122,1460385,1.0
943149,36835663,2.0
5282596,1385122,10.5
43405650,29946971,5.0
23950745,3757512,0.5
17374588,5474834,1.0
17374588,7789923,0.5
40446004,4025121,0.5
317757,32666849,1.0
7363211,8594752,0.5
943149,37082871,2.5
43527860,27442967,0.5
20415251,7691631,0.5
42875798,42875638,9.0
41557420,38711355,7.0
41557420,27804716,5.5
41557420,27783162,2.5
41557420,27788951,3.0
41557420,27828339,9.5
41557420,14169882,1.0
23086156,28138406,0.5
14909673,19864741,0.5
19864741,14909673,0.5
30872453,19002414,0.5
35562367,893522,0.5
40137474,206084,0.5
19650204,65252,0.5
40508605,24560307,0.5
36895421,33653575,1.0
15510254,15510233,0.5
28796010,15388290,0.5
25312455,1090311,0.5
943149,38273403,1.0
42446752,17582613,0.5
11688522,11176360,0.5
2055965,2003641,0.5
19872456,321278,2.5
36580101,21233191,0.5
8432681,8411137,0.5
28305425,40177216,0.5
26931359,7994556,1.5
28687532,843222,0.5
19147632,10697582,0.5
31409916,25527782,2.0
33866783,7691631,0.5
42739847,4039952,1.5
4637221,13807606,0.5
24474138,6670942,0.5
42031158,42834507,0.5
32440005,943149,2.0
25889832,7691631,0.5
29243719,4110016,0.5
728994,501326,0.5
25837286,41003843,0.5
19863257,9325315,0.5
18477927,9384267,0.5
447184,1252,0.5
19387849,43506004,5.0
24373694,858127,0.5
33605063,12256376,1.0
16328098,24560307,0.5
7177096,15870488,0.5
11589713,17728164,1.0
29201308,29146289,0.5
460078,321278,0.5
19360616,31046054,0.5
31635991,3319769,0.5
17832726,10664,0.5
36681087,734934,3.0
39923176,33148320,1.0
18802640,6235174,1.0
8635901,5932749,0.5
8962829,12716501,0.5
8962829,11621778,3.0
1200050,25993378,0.5
1200050,7613257,0.5
2019,32104924,0.5
24195339,10064545,0.5
34555538,21233191,0.5
30776365,3824442,0.5
30892477,3489194,0.5
7751264,1460385,0.5
919161,893522,0.5
11753734,25738703,1.0
599695,18609427,0.5
11672345,20929025,0.5
9094192,37489525,1.0
37489525,17689377,0.5
18410674,19285766,0.5
25273785,40841283,0.5
43814778,5839692,1.0
43191201,34138622,0.5
447036,37489525,0.5
20460946,15426083,3.0
42547221,43558392,0.5
23652126,1695406,0.5
30175039,10391073,0.5
10152133,3678731,0.5
43842853,33653601,0.5
24031839,21233191,0.5
27713859,37079565,0.5
13753636,19238853,1.0
45296292,34105868,0.5
24331457,734934,0.5
734934,24331457,1.0
5932749,24331457,0.5
2720287,32969220,0.5
29796836,8514,0.5
39316027,19872456,1.0
10800667,3989388,0.5
29561893,24560307,0.5
24560307,29561893,0.5
37959073,893522,0.5
8077957,7262203,1.0
33370332,16554739,0.5
4743255,3989388,0.5
37093142,31046054,0.5
22791752,28710753,1.0
44654569,6975711,0.5
23276718,10391073,0.5
39467743,29561893,0.5
2857373,7691631,1.0
35307583,29434046,2.0
29796836,3391269,0.5
3391269,29796836,0.5
39266291,22737333,1.0
1390248,263379,1.0
34105868,34082421,0.5
19872456,873328,0.5
18342541,17668033,0.5
1181927,14531737,1.0
23398306,9061947,0.5
34278988,23229746,0.5
15728293,31873557,0.5
13567873,6094683,0.5
37811967,29946971,2.0
35690871,34105868,0.5
2006876,2003641,1.0
1811965,7639232,0.5
41740912,39909775,0.5
33389183,895341,1.0
9118648,31734328,1.5
2055965,1607357,0.5
32916722,8458155,4.0
317757,5710341,0.5
40150496,32355438,0.5
32355438,40150496,0.5
32403967,31136177,0.5
5532320,35520464,0.5
12243435,34876145,0.5
11289812,19205896,0.5
13124802,23096959,1.5
507775,1090311,2.0
21233191,34724548,0.5
8444568,21923259,0.5
34138622,10064545,0.5
5853229,45187834,71.0
658518,11391151,0.5
34447499,28867390,0.5
40254129,2183193,1.0
42122684,34876145,0.5
20580498,11589713,1.0
167174,11969507,0.5
39030254,2203645,2.0
39030254,6612466,0.5
42970270,28062827,0.5
11924937,11921791,0.5
44570093,7691631,0.5
8444568,37489525,0.5
33421027,29028775,1.5
2698821,714074,2.5
29146289,29201308,0.5
15426083,20460946,1.0
9325315,20460946,0.5
9325315,15426083,0.5
22684655,168370,0.5
42875638,34138622,0.5
19014728,3594497,0.5
9384267,35597922,1.0
9214768,3731016,0.5
9214768,3483944,0.5
31320841,34396268,0.5
31009853,34396268,0.5
28138406,23086156,0.5
3060959,11939484,0.5
2189967,16865424,0.5
4059138,12785038,0.5
34137781,29990778,0.5
4983184,931135,1.5
28558604,7512484,1.0
10865,8514,0.5
19008038,11753734,0.5
21233191,39595597,1.0
946945,9037631,1.0
15836812,3757512,0.5
11213384,20580498,0.5
21986991,20460946,0.5
21986991,15426083,0.5
26173767,3594497,0.5
14037931,6093316,1.0
24829371,28782747,0.5
168370,8514,0.5
35520464,34429296,0.5
2410676,15778059,0.5
4039952,19382615,0.5
1362490,1778471,0.5
27828339,38144492,0.5
827590,2410676,0.5
11796974,714074,1.0
611921,308770,0.5
27828097,33389183,0.5
21923259,8444568,0.5
11776720,1103607,0.5
27193779,12243435,0.5
20999008,7691631,0.5
40663325,19745004,0.5
24795646,13633443,0.5
5532320,34762920,1.0
527644,321278,0.5
148848,17303641,0.5
25345414,17303641,0.5
25217345,32144511,0.5
34577126,34355781,0.5
4739298,7691631,0.5
5806764,5806776,0.5
34064482,34064493,0.5
16865424,2189967,0.5
2410676,1778471,0.5
11896413,2163263,0.5
42657936,10247874,0.5
40508605,36469177,0.5
23627382,19149794,0.5
14189339,9384267,0.5
890377,28710753,0.5
6644549,2750721,0.5
7705565,3195124,0.5
41609076,27654303,1.5
43506004,14135470,1.0
9950667,15111821,0.5
39006903,39006836,0.5
4137249,39073784,0.5
1090311,24636787,0.5
28877410,10270250,0.5
20168931,19745004,0.5
3824442,30776365,0.5
16176198,27441121,0.5
2040151,39003227,0.5
35745334,12048721,0.5
40508605,29028775,0.5
2893713,17303641,0.5
270880,17303641,0.5
149696,17303641,0.5
14132156,17303641,0.5
7253769,17303641,0.5
5187096,34876145,0.5
14430294,17303641,0.5
18451775,17303641,0.5
18409797,17303641,0.5
18450862,17303641,0.5
26738263,17303641,0.5
37559299,943149,0.5
27654303,41609076,0.5
26050796,19031487,0.5
11116372,16386099,0.5
10153040,4523235,1.0
24894901,1090311,1.0
38668850,29946971,1.5
20344193,4176043,0.5
12067406,7792553,0.5
21500952,22982974,1.0
943149,39152400,6.5
39152400,943149,2.5
943149,38640773,2.5
17453060,18410674,0.5
11180687,23096959,0.5
13078968,42318856,0.5
11545371,7177096,0.5
5532320,34139070,1.0
34139070,5532320,0.5
9325315,34876145,0.5
38126184,33148320,0.5
24829371,30722866,0.5
9118648,9384267,0.5
34577126,34139070,1.0
1252,447184,0.5
19360616,15388290,0.5
10469184,5806776,0.5
11391151,658518,0.5
41756998,37489525,2.0
34105868,5532320,1.0
29102367,106310,1.0
14294585,30388450,0.5
5532320,34294743,1.0
26282928,4110016,0.5
26658897,4110016,0.5
13633443,24795646,0.5
308770,392785,1.0
380961,3678731,0.5
749137,1064563,0.5
14536054,17453060,0.5
3582725,4635510,0.5
43036442,10270250,0.5
4046291,3444030,0.5
12886172,11124336,0.5
38952298,19872456,0.5
22669193,30030653,1.0
143580,6862780,0.5
42875638,42875798,2.0
27776551,41646393,0.5
25915209,24322390,0.5
17132838,9887009,1.0
1778471,1362490,1.0
15388290,7691631,2.0
42757577,23499637,0.5
15467734,24195339,0.5
10776021,2560988,0.5
24195339,3214406,1.0
18454064,7530570,1.0
34129761,5532320,0.5
12278235,19382615,0.5
12658090,34068092,0.5
38640773,943149,1.0
37082871,943149,1.0
9992805,108278,0.5
35866370,39642930,0.5
45187834,5853229,0.5
37291353,9384267,0.5
41826844,35563024,0.5
26567881,18609427,0.5
2006876,17372733,0.5
36661850,206084,0.5
14993021,33653617,0.5
168370,117302,0.5
79352,168370,0.5
17453060,14536054,1.0
4176043,3342055,0.5
8514,79352,0.5
2500088,79352,0.5
2500088,8514,0.5
44262636,33370332,1.0
9461481,11589713,0.5
14514251,1181927,0.5
206084,4279682,0.5
7713151,206084,0.5
39858489,12898486,0.5
27728976,37489525,0.5
9335660,9334445,0.5
33328915,33653601,0.5
2851691,1200050,0.5
42318856,13078968,0.5
6093316,10270250,0.5
4434126,168370,0.5
3489194,37489525,0.5
42004446,19872456,0.5
33258973,13124802,0.5
18033628,11167738,0.5
44122893,8633551,0.5
20580498,9998516,0.5
23096959,22002058,0.5
11131631,4524181,0.5
30769761,18609427,0.5
20667318,24441429,0.5
38133364,39266291,0.5
12877731,8266573,0.5
38273206,11167738,0.5
9534760,4128353,0.5
24636787,1090311,0.5
22442668,23096959,1.0
42838749,27654303,0.5
2100564,2007237,0.5
9992805,7691631,0.5
40320893,3314,0.5
33655535,33653601,0.5
19321290,9325315,0.5
33655535,33655518,0.5
858127,27790033,0.5
25126616,33457642,0.5
14145700,23623214,0.5
24067383,14119537,0.5
3672542,138312,0.5
24727800,17925227,0.5
33945,488514,0.5
32024574,23584825,0.5
6506651,34876145,0.5
9583685,7480345,0.5
3583552,3758878,0.5
6248645,24516568,0.5
2203645,39030254,0.5
26506083,14089735,0.5
19272315,18225913,14.5
10887157,48296,0.5
507775,206084,2.0
18410674,14536054,1.0
9207280,19076737,0.5
23403252,41642019,1.0
37584461,29946971,2.0
11551538,14185551,0.5
31323121,507775,0.5
28366058,33866783,1.0
16752620,23096959,0.5
16180304,36371959,0.5
44264925,41881900,1.0
9986619,5710341,1.0
32262410,11116372,0.5
27082457,640534,0.5
4110016,29300004,0.5
3301400,46047805,1.0
3910314,3989388,0.5
37931301,31404632,0.5
42252197,41429853,1.5
9064487,1362490,0.5
9064487,2410676,1.0
355634,18410674,0.5
30358412,919161,4.0
5888353,771016,0.5
27790789,32954806,0.5
32954806,27790789,0.5
8514,168370,0.5
24306004,2129739,0.5
42949529,5777189,0.5
30212825,27828097,0.5
32362828,21233191,1.5
45717250,20773773,3.0
40233846,24773848,0.5
771016,24774658,1.0
7083242,2114213,0.5
658518,33655535,0.5
10556194,27352490,1.5
19097645,17374588,0.5
34823916,41609076,0.5
3720815,108278,0.5
19205896,23096959,0.5
35051490,33934269,0.5
263379,25196738,1.0
5532320,14120618,1.5
28096281,14089735,0.5
4015965,167174,0.5
26181278,25881432,1.5
735498,184460,0.5
19117456,10270250,0.5
2634628,2564151,0.5
2564151,2634628,0.5
8629417,18402447,0.5
528847,15045751,0.5
28826524,11344473,1.0
19030795,3594497,0.5
21088356,28877410,0.5
20894140,20558462,0.5
18238828,20415251,0.5
2003641,17372733,0.5
33507463,34133681,0.5
20819799,25476601,0.5
14757566,9252533,0.5
16298112,919161,0.5
27788951,38711355,0.5
27788951,27804716,0.5
17925227,23127683,0.5
4025121,33653617,0.5
45727237,33015583,0.5
4206587,2081289,0.5
29031987,10270250,1.5
168370,107872,1.0
107872,168370,0.5
1695406,23652126,0.5
14225208,29996513,0.5
7467217,321278,0.5
7910045,948957,0.5
21831014,20929025,0.5
42875638,13599100,0.5
44566634,24560307,0.5
25609578,9037631,1.0
1090311,25312455,0.5
42054649,33370332,0.5
34308171,29946971,0.5
20455627,5282596,0.5
42054649,44262636,0.5
23499637,42757577,0.5
25246769,507775,0.5
46187814,41881900,0.5
41384605,23165881,1.0
43506004,19387849,0.5
108278,2863853,0.5
2863853,108278,0.5
10256919,8043756,4.5
34823916,35907669,0.5
34034280,26820798,0.5
21413198,20929025,0.5
35573790,34762920,2.0
14562056,32353854,0.5
24891661,6604361,0.5
24891661,843222,0.5
37448451,44984368,0.5
35911376,30081396,0.5
30081396,35911376,0.5
5532320,34133681,0.5
948957,321278,0.5
41881900,9384267,0.5
41557420,38101769,0.5
460078,24195339,1.0
9399334,3016562,0.5
5532320,35573790,1.5
20580498,23059575,0.5
611333,3342055,0.5
8514,29253597,0.5
652386,675247,0.5
45187834,931135,0.5
10064545,757363,1.0
29028775,321278,1.0
8556864,20884782,1.5
2564151,1142976,0.5
35026890,24560307,0.5
9580168,12499251,1.0
22883982,23096959,0.5
11167738,23215103,0.5
5806776,5806764,0.5
5710341,321278,0.5
34013728,35520464,0.5
1985358,13158707,2.0
6607925,6659004,0.5
41646393,41642019,0.5
985260,24609401,0.5
3548158,1052675,0.5
5550567,5550623,0.5
44678874,1451352,0.5
30520411,11551538,0.5
42106842,8745199,7.5
39006903,39003227,1.0
28547115,19002414,0.5
5254650,42054649,1.5
4297273,12646044,0.5
32954806,34428627,1.0
29436244,20287787,0.5
15330613,18929235,0.5
41459654,41459961,4.0
33934269,35051490,0.5
39164702,33389183,0.5
614070,488514,0.5
25887611,15280279,0.5
41881900,781028,0.5
22286586,34876145,0.5
8365542,12888993,0.5
1181927,206084,0.5
36662620,33120392,0.5
46128002,32023078,0.5
4330620,321278,0.5
15921481,2540368,0.5
41516944,24560307,1.0
28820281,34876145,0.5
16994115,30985840,0.5
45251488,40261353,1.0
47087,203666,1.0
8763604,4989235,0.5
35907669,34823916,0.5
27828097,30212825,0.5
9120498,1020639,0.5
12418525,6358188,0.5
43679920,31790386,0.5
34138622,658518,1.5
11796974,23974149,0.5
41516944,41835935,0.5
9996255,6093316,0.5
41881900,44264925,2.0
12357974,11403699,0.5
27793614,18410674,0.5
33653601,23984796,0.5
847957,2410676,0.5
847957,1362490,0.5
24441429,20667318,0.5
23096959,26192117,0.5
27631673,321278,1.0
19008038,25738703,0.5
6344602,2410676,0.5
26225883,3678731,0.5
32654500,24195339,0.5
40947810,40508605,1.0
34927706,22737337,1.0
41766002,943149,0.5
14531737,1181927,1.5
40508605,40947810,0.5
11568417,32944298,0.5
44631991,658518,0.5
46047805,3301400,0.5
596892,6452529,0.5
20580498,44570556,0.5
24474126,771016,0.5
30030653,18847464,0.5
41917698,21160389,1.0
129582,43371,0.5
36683926,24560307,0.5
37584295,29946971,0.5
30323779,2081289,0.5
44984368,37448451,0.5
34278991,10697582,0.5
27931142,32024574,1.0
15647808,11924937,1.5
27804716,16411534,1.0
43330318,206084,0.5
34855687,11176360,0.5
34856295,11176360,0.5
9729334,18863040,0.5
14507,8514,0.5
20919134,21388550,0.5
29561893,41516944,1.0
20766594,18351718,0.5
5532320,35310228,0.5
7262203,8077957,1.0
41881900,20929025,5.0
36535156,24560307,0.5
8711353,10969551,1.5
37651478,21233191,0.5
17374588,17374628,0.5
23793462,15309233,1.0
20684642,15309233,0.5
26063680,9730278,0.5
44370687,37462194,0.5
37462194,44370687,0.5
7833168,6498492,0.5
45393266,6498492,0.5
2003641,8836548,0.5
33941273,20929025,0.5
20929025,33941273,0.5
34762920,5532320,0.5
31720859,17448603,0.5
42856902,30891787,0.5
17089728,23096959,0.5
40177216,28305425,0.5
25196738,263379,1.0
39156591,29925961,0.5
8711353,46865435,0.5
46865435,8711353,1.0
13671114,15508537,0.5
33689104,34139070,0.5
22571796,931135,0.5
46474436,15155534,0.5
12926963,18825519,0.5
3444030,4056288,0.5
5108051,5108029,0.5
44570556,7691631,0.5
39642930,35866370,0.5
26558202,5532320,0.5
39595597,23096959,0.5
44566613,44566634,0.5
321278,34876145,1.0
43341478,11778024,0.5
43480269,108278,0.5
27562362,11225014,0.5
44977718,43681209,0.5
44977718,45391877,0.5
32526744,16416867,0.5
43170632,41935929,0.5
17689377,321278,0.5
8277372,24774658,0.5
27082457,3659275,0.5
41429853,42252197,1.0
31568829,37489525,0.5
5497,32104924,11.0
4287066,23384500,1.0
32774942,29946971,0.5
14536054,18410674,0.5
17803236,17728164,0.5
38394701,19872456,0.5
45704630,11589713,0.5
36315010,36316259,0.5
206084,507775,1.0
381979,2560988,0.5
15382297,6670942,0.5
32954806,35967803,0.5
35967803,32954806,0.5
27352490,10556194,1.0
15155534,46474436,0.5
9478219,30175039,0.5
10350614,5806776,0.5
8745199,5806776,0.5
38273403,943149,1.0
15536087,26229585,0.5
34011884,4723248,0.5
12756992,5108051,0.5
35120039,22355214,0.5
6975711,44654569,0.5
29273084,858127,0.5
666566,8133216,0.5
21053059,14169882,0.5
23310805,7691631,0.5
14789533,13753636,0.5
44689601,35640229,0.5
5777189,11969507,0.5
34546968,5532320,0.5
28928202,32104924,0.5
34294743,34538029,0.5
20755034,21233191,0.5
24612415,3149845,0.5
36976386,18981255,0.5
206084,43330318,0.5
15045751,19360616,0.5
41607866,18708438,0.5
2639201,757363,0.5
5710341,167174,1.0
206084,5050525,0.5
17374628,19097645,0.5
20264700,19927831,0.5
33653601,42875638,0.5
17303641,7253769,0.5
5776030,43160685,0.5
11730342,167174,0.5
21066692,455600,0.5
14936840,24560307,0.5
3449635,23574897,0.5
23059575,36357298,1.0
8962829,4723248,0.5
36357298,23059575,0.5
26820798,24560307,1.5
1210071,7691631,0.5
10256919,38388440,0.5
17728164,27576132,0.5
481872,3638964,0.5
46723165,2183193,0.5
8634788,1607357,0.5
986551,4095287,0.5
40022724,29028775,0.5
19990415,2556327,0.5
9730278,26063680,0.5
3594497,19133426,0.5
38273403,5710341,0.5
45251488,34139070,0.5
258750,986551,0.5
31995486,29094885,0.5
771016,5888353,0.5
13429048,14169882,0.5
2203645,24662315,0.5
24662315,2203645,0.5
36231837,1424470,0.5
13221727,858127,0.5
36661850,17728164,0.5
20118512,1020639,0.5
11403699,5731348,0.5
30081396,2573058,4.0
13525050,3342046,1.0
27758092,5532320,0.5
39981240,44566613,0.5
597879,321278,0.5
38144492,27804716,4.5
36891867,14089735,0.5
41835935,41516944,0.5
45717250,23357588,0.5
27494663,43330318,0.5
36859608,29849956,0.5
28640038,321278,0.5
321278,28640038,0.5
37584317,29946971,0.5
18031064,843222,0.5
843222,18031064,0.5
22982974,317757,0.5
19606628,29694418,0.5
16185172,17620347,0.5
2573058,35911376,0.5
3342055,948957,0.5
32247847,20929025,0.5
11568417,44848499,0.5
7691631,26509369,0.5
2890627,2750721,0.5
20773773,45717250,1.0
3449635,910744,0.5
9437879,27,0.5
18830277,9500075,1.0
33653617,33653601,0.5
27576132,17728164,0.5
11116372,39316027,0.5
3489194,19832415,2.0
40508605,3678731,0.5
22737333,22737337,0.5
32707901,9384267,0.5
15045751,31046054,0.5
36517670,10312708,0.5
1090311,24636789,0.5
47531189,7910045,0.5
38849467,21399598,0.5
26201720,1962219,0.5
39161943,10270250,0.5
8962829,43842853,0.5
11589713,45704630,0.5
44746588,2067253,0.5
36653430,14125254,0.5
31734328,21008052,0.5
15836199,33744138,1.0
13619340,23774298,1.0
527644,929845,0.5
2959446,108278,0.5
25427817,10270250,0.5
26516210,11939484,0.5
44262636,25312483,0.5
14089735,12570984,0.5
34105868,35690871,1.0
38003903,24560307,0.5
39923176,36099221,0.5
1049095,2884603,0.5
29578192,29309660,0.5
3610049,6796445,0.5
3122202,20929025,0.5
10653490,1390248,0.5
7512484,5298790,0.5
38003903,41516944,0.5
588600,8514,0.5
33677585,263379,0.5
7792553,12067406,0.5
35640229,20929025,0.5
35312458,24560307,0.5
47372003,24560307,0.5
42551686,36960321,0.5
42551686,36960293,0.5
20785986,33653601,0.5
19953050,15045751,1.0
3824442,3885202,0.5
3193719,3060959,0.5
3449635,910757,0.5
35520464,5532320,0.5
34428627,32954806,0.5
16286131,2725544,0.5
6796445,3610049,0.5
2381732,2357747,0.5
43281905,7691631,1.0
29500061,22442668,0.5
12892263,25003905,0.5
8962829,23974149,1.0
1577990,8514,1.0
30648891,9469271,1.0
30291923,9469271,2.5
895341,33389183,0.5
15778981,24650339,0.5
675247,184460,0.5
20580498,16607898,0.5
42488903,41116814,0.5
41116814,42488903,0.5
184460,873328,0.5
5577220,247278,0.5
30892477,33655535,0.5
24560307,47372003,1.0
238983,33945,0.5
138312,3672542,0.5
41696416,28457823,0.5
35312458,47372003,0.5
35520464,34013728,0.5
23083156,20929025,0.5
8962829,6093316,0.5
8962829,20929025,0.5
20460946,31393611,0.5
25485518,27,1.0
714074,6093316,0.5
41881900,48058516,0.5
48058516,41881900,0.5
42875798,33653601,0.5
14430294,33052709,0.5
20287787,29436244,0.5
37093142,19360616,0.5
9120498,873328,0.5
18304157,1084114,0.5
